type,name,latitude_deg,longitude_deg,iata_code
large_airport,Los Angeles International Airport,33.942501,-118.407997,LAX
large_airport,Chicago O'Hare International Airport,41.9786,-87.9048,ORD
large_airport,John F Kennedy International Airport,40.639447,-73.779317,JFK
large_airport,Hartsfield Jackson Atlanta International Airport,33.6367,-84.428101,ATL
large_airport,San Francisco International Airport,37.61899948120117,-122.375,SFO
large_airport,Newark Liberty International Airport,40.692501,-74.168701,EWR
large_airport,Dallas Fort Worth International Airport,32.896801,-97.038002,DFW
large_airport,Harry Reid International Airport,36.083361,-115.151817,LAS
large_airport,Orlando International Airport,28.429399490356445,-81.30899810791016,MCO
large_airport,Denver International Airport,39.861698150635,-104.672996521,DEN
large_airport,Washington Dulles International Airport,38.9445,-77.455803,IAD
large_airport,La Guardia Airport,40.777199,-73.872597,LGA
large_airport,Miami International Airport,25.79319953918457,-80.29060363769531,MIA
large_airport,Phoenix Sky Harbor International Airport,33.435302,-112.005905,PHX
large_airport,Seattle–Tacoma International Airport,47.449162,-122.311134,SEA
large_airport,Logan International Airport,42.3643,-71.005203,BOS
large_airport,Philadelphia International Airport,39.87189865112305,-75.24109649658203,PHL
large_airport,Charlotte Douglas International Airport,35.2140007019043,-80.94309997558594,CLT
large_airport,George Bush Intercontinental Houston Airport,29.984399795532227,-95.34140014648438,IAH
large_airport,Ronald Reagan Washington National Airport,38.8521,-77.037697,DCA
large_airport,Detroit Metropolitan Wayne County Airport,42.212398529052734,-83.35340118408203,DTW
large_airport,Minneapolis–Saint Paul International Airport / Wold–Chamberlain Field,44.882,-93.221802,MSP
large_airport,Salt Lake City International Airport,40.785749,-111.979746,SLC
large_airport,Fort Lauderdale Hollywood International Airport,26.072599,-80.152702,FLL
large_airport,Chicago Midway International Airport,41.785999,-87.752403,MDW
large_airport,Baltimore/Washington International Thurgood Marshall Airport,39.1754,-76.668297,BWI
large_airport,San Diego International Airport,32.7336006165,-117.190002441,SAN
large_airport,St Louis Lambert International Airport,38.748697,-90.370003,STL
large_airport,Daniel K Inouye International Airport,21.32062,-157.924228,HNL
large_airport,Portland International Airport,45.58869934,-122.5979996,PDX
large_airport,Louis Armstrong New Orleans International Airport,29.99340057373047,-90.25800323486328,MSY
large_airport,Tampa International Airport,27.975500106811523,-82.533203125,TPA
large_airport,Nashville International Airport,36.1245002746582,-86.6781997680664,BNA
large_airport,Cincinnati Northern Kentucky International Airport,39.048801,-84.667801,CVG
large_airport,Austin Bergstrom International Airport,30.197535,-97.662015,AUS
large_airport,Raleigh Durham International Airport,35.877602,-78.787498,RDU
large_airport,Pittsburgh International Airport,40.49150085,-80.23290253,PIT
large_airport,Norman Y. Mineta San Jose International Airport,37.362452,-121.929188,SJC
large_airport,Kansas City International Airport,39.2976,-94.713898,MCI
large_airport,Metropolitan Oakland International Airport,37.721298,-122.221001,OAK
large_airport,San Antonio International Airport,29.533701,-98.469803,SAT
large_airport,John Wayne Orange County International Airport,33.675701,-117.867996,SNA
large_airport,Memphis International Airport,35.04240036010742,-89.97669982910156,MEM
large_airport,Cleveland Hopkins International Airport,41.411701,-81.8498,CLE
large_airport,Indianapolis International Airport,39.7173,-86.294403,IND
large_airport,John Glenn Columbus International Airport,39.998001,-82.891899,CMH
large_airport,General Mitchell International Airport,42.947200775146484,-87.89659881591797,MKE
large_airport,Jacksonville International Airport,30.49410057067871,-81.68789672851562,JAX
large_airport,Buffalo Niagara International Airport,42.94049835,-78.73220062,BUF
large_airport,Ted Stevens Anchorage International Airport,61.1744,-149.996002,ANC
large_airport,Sacramento International Airport,38.69540023803711,-121.59100341796875,SMF
large_airport,Eppley Airfield,41.3032,-95.894096,OMA
large_airport,Palm Beach International Airport,26.68320083618164,-80.09559631347656,PBI
large_airport,Theodore Francis Green State Airport,41.725038,-71.425668,PVD
large_airport,Louisville Muhammad Ali International Airport,38.1744,-85.736,SDF
large_airport,Reno Tahoe International Airport,39.49909973144531,-119.76799774169922,RNO
large_airport,Southwest Florida International Airport,26.53619956970215,-81.75520324707031,RSW
large_airport,Richmond International Airport,37.50519943237305,-77.3197021484375,RIC
large_airport,Savannah Hilton Head International Airport,32.12760162,-81.20210266,SAV
large_airport,Ontario International Airport,34.055999755859375,-117.60099792480469,ONT
large_airport,Syracuse Hancock International Airport,43.11119842529297,-76.1063003540039,SYR
large_airport,Portland International Jetport,43.646198,-70.309303,PWM
large_airport,Tulsa International Airport,36.19839859008789,-95.88809967041016,TUL
large_airport,Orlando Sanford International Airport,28.777599334716797,-81.23750305175781,SFB
large_airport,Fairbanks International Airport,64.81510162,-147.8560028,FAI
large_airport,Camarillo International Airport,34.213699,-119.094002,
large_airport,Joint Base Andrews,38.810799,-76.866997,ADW
