{"metadata": {"resultset": {"offset": 1, "count": 771, "limit": 1000}}, "results": [{"date": "2010-12-15T00:00:00", "datatype": "ADPT", "station": "GHCND:USW00003017", "attributes": ",,W,", "value": -72}, {"date": "2010-12-15T00:00:00", "datatype": "AWBT", "station": "GHCND:USW00003017", "attributes": ",,W,", "value": -6}, {"date": "2010-12-15T00:00:00", "datatype": "AWND", "station": "GHCND:USW00003017", "attributes": ",,W,", "value": 10.7}, {"date": "2010-12-15T00:00:00", "datatype": "FMTM", "station": "GHCND:USW00003017", "attributes": ",,X,", "value": 1358}, {"date": "2010-12-15T00:00:00", "datatype": "PGTM", "station": "GHCND:USW00003017", "attributes": ",,W,", "value": 1400}, {"date": "2010-12-15T00:00:00", "datatype": "PRCP", "station": "GHCND:USW00003017", "attributes": "T,,0,2400", "value": 0.0}, {"date": "2010-12-15T00:00:00", "datatype": "RHAV", "station": "GHCND:USW00003017", "attributes": ",,W,", "value": 52}, {"date": "2010-12-15T00:00:00", "datatype": "RHMN", "station": "GHCND:USW00003017", "attributes": ",,W,", "value": 25}, {"date": "2010-12-15T00:00:00", "datatype": "RHMX", "station": "GHCND:USW00003017", "attributes": ",,W,", "value": 89}, {"date": "2010-12-15T00:00:00", "datatype": "SNOW", "station": "GHCND:USW00003017", "attributes": "T,,0,", "value": 0.0}, {"date": "2010-12-15T00:00:00", "datatype": "SNWD", "station": "GHCND:USW00003017", "attributes": ",,0,", "value": 0.0}, {"date": "2010-12-15T00:00:00", "datatype": "TMAX", "station": "GHCND:USW00003017", "attributes": ",,0,2400", "value": 53.0}, {"date": "2010-12-15T00:00:00", "datatype": "TMIN", "station": "GHCND:USW00003017", "attributes": ",,0,2400", "value": 24.0}, {"date": "2010-12-15T00:00:00", "datatype": "WDF2", "station": "GHCND:USW00003017", "attributes": ",,X,", "value": 30}, {"date": "2010-12-15T00:00:00", "datatype": "WDF5", "station": "GHCND:USW00003017", "attributes": ",,X,", "value": 40}, {"date": "2010-12-15T00:00:00", "datatype": "WSF2", "station": "GHCND:USW00003017", "attributes": ",,X,", "value": 29.1}, {"date": "2010-12-15T00:00:00", "datatype": "WSF5", "station": "GHCND:USW00003017", "attributes": ",,X,", "value": 33.1}, {"date": "2010-12-15T00:00:00", "datatype": "WT01", "station": "GHCND:USW00003017", "attributes": ",,W,", "value": 1}, {"date": "2010-12-15T00:00:00", "datatype": "WT13", "station": "GHCND:USW00003017", "attributes": ",,X,", "value": 1}, {"date": "2010-12-15T00:00:00", "datatype": "WT16", "station": "GHCND:USW00003017", "attributes": ",,0,", "value": 1}, {"date": "2010-12-15T00:00:00", "datatype": "WT18", "station": "GHCND:USW00003017", "attributes": ",,X,", "value": 1}, {"date": "2010-12-16T00:00:00", "datatype": "ADPT", "station": "GHCND:USW00003017", "attributes": ",,W,", "value": -117}, {"date": "2010-12-16T00:00:00", "datatype": "ASLP", "station": "GHCND:USW00003017", "attributes": ",,W,", "value": 10173}, {"date": "2010-12-16T00:00:00", "datatype": "ASTP", "station": "GHCND:USW00003017", "attributes": ",,W,", "value": 8314}, {"date": "2010-12-16T00:00:00", "datatype": "AWBT", "station": "GHCND:USW00003017", "attributes": ",,W,", "value": -61}, {"date": "2010-12-16T00:00:00", "datatype": "AWND", "station": "GHCND:USW00003017", "attributes": ",,W,", "value": 9.4}, {"date": "2010-12-16T00:00:00", "datatype": "FMTM", "station": "GHCND:USW00003017", "attributes": ",,X,", "value": 1847}, {"date": "2010-12-16T00:00:00", "datatype": "PGTM", "station": "GHCND:USW00003017", "attributes": ",,W,", "value": 1846}, {"date": "2010-12-16T00:00:00", "datatype": "PRCP", "station": "GHCND:USW00003017", "attributes": ",,0,2400", "value": 0.0}, {"date": "2010-12-16T00:00:00", "datatype": "RHAV", "station": "GHCND:USW00003017", "attributes": ",,W,", "value": 54}, {"date": "2010-12-16T00:00:00", "datatype": "RHMN", "station": "GHCND:USW00003017", "attributes": ",,W,", "value": 38}, {"date": "2010-12-16T00:00:00", "datatype": "RHMX", "station": "GHCND:USW00003017", "attributes": ",,W,", "value": 77}, {"date": "2010-12-16T00:00:00", "datatype": "SNOW", "station": "GHCND:USW00003017", "attributes": ",,0,", "value": 0.0}, {"date": "2010-12-16T00:00:00", "datatype": "SNWD", "station": "GHCND:USW00003017", "attributes": ",,0,", "value": 0.0}, {"date": "2010-12-16T00:00:00", "datatype": "TMAX", "station": "GHCND:USW00003017", "attributes": ",,0,2400", "value": 37.0}, {"date": "2010-12-16T00:00:00", "datatype": "TMIN", "station": "GHCND:USW00003017", "attributes": ",,0,2400", "value": 15.0}, {"date": "2010-12-16T00:00:00", "datatype": "WDF2", "station": "GHCND:USW00003017", "attributes": ",,X,", "value": 30}, {"date": "2010-12-16T00:00:00", "datatype": "WDF5", "station": "GHCND:USW00003017", "attributes": ",,X,", "value": 30}, {"date": "2010-12-16T00:00:00", "datatype": "WSF2", "station": "GHCND:USW00003017", "attributes": ",,X,", "value": 17.9}, {"date": "2010-12-16T00:00:00", "datatype": "WSF5", "station": "GHCND:USW00003017", "attributes": ",,X,", "value": 23.0}, {"date": "2010-12-17T00:00:00", "datatype": "ADPT", "station": "GHCND:USW00003017", "attributes": ",,W,", "value": -111}, {"date": "2010-12-17T00:00:00", "datatype": "ASLP", "station": "GHCND:USW00003017", "attributes": ",,W,", "value": 10190}, {"date": "2010-12-17T00:00:00", "datatype": "ASTP", "station": "GHCND:USW00003017", "attributes": ",,W,", "value": 8320}, {"date": "2010-12-17T00:00:00", "datatype": "AWBT", "station": "GHCND:USW00003017", "attributes": ",,W,", "value": -67}, {"date": "2010-12-17T00:00:00", "datatype": "AWND", "station": "GHCND:USW00003017", "attributes": ",,W,", "value": 5.1}, {"date": "2010-12-17T00:00:00", "datatype": "FMTM", "station": "GHCND:USW00003017", "attributes": ",,X,", "value": 1751}, {"date": "2010-12-17T00:00:00", "datatype": "PGTM", "station": "GHCND:USW00003017", "attributes": ",,W,", "value": 1314}, {"date": "2010-12-17T00:00:00", "datatype": "PRCP", "station": "GHCND:USW00003017", "attributes": "T,,0,2400", "value": 0.0}, {"date": "2010-12-17T00:00:00", "datatype": "RHAV", "station": "GHCND:USW00003017", "attributes": ",,W,", "value": 60}, {"date": "2010-12-17T00:00:00", "datatype": "RHMN", "station": "GHCND:USW00003017", "attributes": ",,W,", "value": 45}, {"date": "2010-12-17T00:00:00", "datatype": "RHMX", "station": "GHCND:USW00003017", "attributes": ",,W,", "value": 81}, {"date": "2010-12-17T00:00:00", "datatype": "SNOW", "station": "GHCND:USW00003017", "attributes": "T,,0,", "value": 0.0}, {"date": "2010-12-17T00:00:00", "datatype": "SNWD", "station": "GHCND:USW00003017", "attributes": ",,0,", "value": 0.0}, {"date": "2010-12-17T00:00:00", "datatype": "TMAX", "station": "GHCND:USW00003017", "attributes": ",,0,2400", "value": 32.0}, {"date": "2010-12-17T00:00:00", "datatype": "TMIN", "station": "GHCND:USW00003017", "attributes": ",,0,2400", "value": 17.0}, {"date": "2010-12-17T00:00:00", "datatype": "WDF2", "station": "GHCND:USW00003017", "attributes": ",,X,", "value": 340}, {"date": "2010-12-17T00:00:00", "datatype": "WDF5", "station": "GHCND:USW00003017", "attributes": ",,X,", "value": 170}, {"date": "2010-12-17T00:00:00", "datatype": "WSF2", "station": "GHCND:USW00003017", "attributes": ",,X,", "value": 13.0}, {"date": "2010-12-17T00:00:00", "datatype": "WSF5", "station": "GHCND:USW00003017", "attributes": ",,X,", "value": 21.0}, {"date": "2010-12-17T00:00:00", "datatype": "WT16", "station": "GHCND:USW00003017", "attributes": ",,0,", "value": 1}, {"date": "2010-12-17T00:00:00", "datatype": "WT18", "station": "GHCND:USW00003017", "attributes": ",,X,", "value": 1}, {"date": "2010-12-18T00:00:00", "datatype": "ADPT", "station": "GHCND:USW00003017", "attributes": ",,W,", "value": -111}, {"date": "2010-12-18T00:00:00", "datatype": "ASLP", "station": "GHCND:USW00003017", "attributes": ",,W,", "value": 10125}, {"date": "2010-12-18T00:00:00", "datatype": "ASTP", "station": "GHCND:USW00003017", "attributes": ",,W,", "value": 8259}, {"date": "2010-12-18T00:00:00", "datatype": "AWBT", "station": "GHCND:USW00003017", "attributes": ",,W,", "value": -67}, {"date": "2010-12-18T00:00:00", "datatype": "AWND", "station": "GHCND:USW00003017", "attributes": ",,W,", "value": 5.4}, {"date": "2010-12-18T00:00:00", "datatype": "FMTM", "station": "GHCND:USW00003017", "attributes": ",,X,", "value": 1714}, {"date": "2010-12-18T00:00:00", "datatype": "PGTM", "station": "GHCND:USW00003017", "attributes": ",,W,", "value": 1446}, {"date": "2010-12-18T00:00:00", "datatype": "PRCP", "station": "GHCND:USW00003017", "attributes": ",,0,2400", "value": 0.0}, {"date": "2010-12-18T00:00:00", "datatype": "RHAV", "station": "GHCND:USW00003017", "attributes": ",,W,", "value": 60}, {"date": "2010-12-18T00:00:00", "datatype": "RHMN", "station": "GHCND:USW00003017", "attributes": ",,W,", "value": 36}, {"date": "2010-12-18T00:00:00", "datatype": "RHMX", "station": "GHCND:USW00003017", "attributes": ",,W,", "value": 84}, {"date": "2010-12-18T00:00:00", "datatype": "SNOW", "station": "GHCND:USW00003017", "attributes": ",,0,", "value": 0.0}, {"date": "2010-12-18T00:00:00", "datatype": "SNWD", "station": "GHCND:USW00003017", "attributes": ",,0,", "value": 0.0}, {"date": "2010-12-18T00:00:00", "datatype": "TMAX", "station": "GHCND:USW00003017", "attributes": ",,0,2400", "value": 40.0}, {"date": "2010-12-18T00:00:00", "datatype": "TMIN", "station": "GHCND:USW00003017", "attributes": ",,0,2400", "value": 11.0}, {"date": "2010-12-18T00:00:00", "datatype": "WDF2", "station": "GHCND:USW00003017", "attributes": ",,X,", "value": 60}, {"date": "2010-12-18T00:00:00", "datatype": "WDF5", "station": "GHCND:USW00003017", "attributes": ",,X,", "value": 70}, {"date": "2010-12-18T00:00:00", "datatype": "WSF2", "station": "GHCND:USW00003017", "attributes": ",,X,", "value": 13.0}, {"date": "2010-12-18T00:00:00", "datatype": "WSF5", "station": "GHCND:USW00003017", "attributes": ",,X,", "value": 15.0}, {"date": "2010-12-18T00:00:00", "datatype": "WT01", "station": "GHCND:USW00003017", "attributes": ",,W,", "value": 1}, {"date": "2010-12-18T00:00:00", "datatype": "WT08", "station": "GHCND:USW00003017", "attributes": ",,W,", "value": 1}, {"date": "2010-12-18T00:00:00", "datatype": "WT13", "station": "GHCND:USW00003017", "attributes": ",,X,", "value": 1}, {"date": "2010-12-19T00:00:00", "datatype": "ADPT", "station": "GHCND:USW00003017", "attributes": ",,W,", "value": -72}, {"date": "2010-12-19T00:00:00", "datatype": "ASLP", "station": "GHCND:USW00003017", "attributes": ",,W,", "value": 10030}, {"date": "2010-12-19T00:00:00", "datatype": "ASTP", "station": "GHCND:USW00003017", "attributes": ",,W,", "value": 8209}, {"date": "2010-12-19T00:00:00", "datatype": "AWBT", "station": "GHCND:USW00003017", "attributes": ",,W,", "value": -11}, {"date": "2010-12-19T00:00:00", "datatype": "AWND", "station": "GHCND:USW00003017", "attributes": ",,W,", "value": 6.5}, {"date": "2010-12-19T00:00:00", "datatype": "FMTM", "station": "GHCND:USW00003017", "attributes": ",,X,", "value": 1006}, {"date": "2010-12-19T00:00:00", "datatype": "PGTM", "station": "GHCND:USW00003017", "attributes": ",,W,", "value": 902}, {"date": "2010-12-19T00:00:00", "datatype": "PRCP", "station": "GHCND:USW00003017", "attributes": ",,0,2400", "value": 0.0}, {"date": "2010-12-19T00:00:00", "datatype": "RHAV", "station": "GHCND:USW00003017", "attributes": ",,W,", "value": 49}, {"date": "2010-12-19T00:00:00", "datatype": "RHMN", "station": "GHCND:USW00003017", "attributes": ",,W,", "value": 22}, {"date": "2010-12-19T00:00:00", "datatype": "RHMX", "station": "GHCND:USW00003017", "attributes": ",,W,", "value": 77}, {"date": "2010-12-19T00:00:00", "datatype": "SNOW", "station": "GHCND:USW00003017", "attributes": ",,0,", "value": 0.0}, {"date": "2010-12-19T00:00:00", "datatype": "SNWD", "station": "GHCND:USW00003017", "attributes": ",,0,", "value": 0.0}, {"date": "2010-12-19T00:00:00", "datatype": "TMAX", "station": "GHCND:USW00003017", "attributes": ",,0,2400", "value": 61.0}, {"date": "2010-12-19T00:00:00", "datatype": "TMIN", "station": "GHCND:USW00003017", "attributes": ",,0,2400", "value": 15.0}, {"date": "2010-12-19T00:00:00", "datatype": "WDF2", "station": "GHCND:USW00003017", "attributes": ",,X,", "value": 200}, {"date": "2010-12-19T00:00:00", "datatype": "WDF5", "station": "GHCND:USW00003017", "attributes": ",,X,", "value": 200}, {"date": "2010-12-19T00:00:00", "datatype": "WSF2", "station": "GHCND:USW00003017", "attributes": ",,X,", "value": 14.1}, {"date": "2010-12-19T00:00:00", "datatype": "WSF5", "station": "GHCND:USW00003017", "attributes": ",,X,", "value": 16.1}, {"date": "2010-12-20T00:00:00", "datatype": "ADPT", "station": "GHCND:USW00003017", "attributes": ",,W,", "value": -67}, {"date": "2010-12-20T00:00:00", "datatype": "ASLP", "station": "GHCND:USW00003017", "attributes": ",,W,", "value": 10014}, {"date": "2010-12-20T00:00:00", "datatype": "ASTP", "station": "GHCND:USW00003017", "attributes": ",,W,", "value": 8212}, {"date": "2010-12-20T00:00:00", "datatype": "AWBT", "station": "GHCND:USW00003017", "attributes": ",,W,", "value": 0}, {"date": "2010-12-20T00:00:00", "datatype": "AWND", "station": "GHCND:USW00003017", "attributes": ",,W,", "value": 13.4}, {"date": "2010-12-20T00:00:00", "datatype": "FMTM", "station": "GHCND:USW00003017", "attributes": ",,X,", "value": 930}, {"date": "2010-12-20T00:00:00", "datatype": "PGTM", "station": "GHCND:USW00003017", "attributes": ",,W,", "value": 400}, {"date": "2010-12-20T00:00:00", "datatype": "PRCP", "station": "GHCND:USW00003017", "attributes": ",,0,2400", "value": 0.0}, {"date": "2010-12-20T00:00:00", "datatype": "RHAV", "station": "GHCND:USW00003017", "attributes": ",,W,", "value": 44}, {"date": "2010-12-20T00:00:00", "datatype": "RHMN", "station": "GHCND:USW00003017", "attributes": ",,W,", "value": 28}, {"date": "2010-12-20T00:00:00", "datatype": "RHMX", "station": "GHCND:USW00003017", "attributes": ",,W,", "value": 64}, {"date": "2010-12-20T00:00:00", "datatype": "SNOW", "station": "GHCND:USW00003017", "attributes": ",,0,", "value": 0.0}, {"date": "2010-12-20T00:00:00", "datatype": "SNWD", "station": "GHCND:USW00003017", "attributes": ",,0,", "value": 0.0}, {"date": "2010-12-20T00:00:00", "datatype": "TMAX", "station": "GHCND:USW00003017", "attributes": ",,0,2400", "value": 50.0}, {"date": "2010-12-20T00:00:00", "datatype": "TMIN", "station": "GHCND:USW00003017", "attributes": ",,0,2400", "value": 23.0}, {"date": "2010-12-20T00:00:00", "datatype": "WDF2", "station": "GHCND:USW00003017", "attributes": ",,X,", "value": 360}, {"date": "2010-12-20T00:00:00", "datatype": "WDF5", "station": "GHCND:USW00003017", "attributes": ",,X,", "value": 230}, {"date": "2010-12-20T00:00:00", "datatype": "WSF2", "station": "GHCND:USW00003017", "attributes": ",,X,", "value": 23.9}, {"date": "2010-12-20T00:00:00", "datatype": "WSF5", "station": "GHCND:USW00003017", "attributes": ",,X,", "value": 30.0}, {"date": "2010-12-21T00:00:00", "datatype": "ADPT", "station": "GHCND:USW00003017", "attributes": ",,W,", "value": -94}, {"date": "2010-12-21T00:00:00", "datatype": "ASLP", "station": "GHCND:USW00003017", "attributes": ",,W,", "value": 10179}, {"date": "2010-12-21T00:00:00", "datatype": "ASTP", "station": "GHCND:USW00003017", "attributes": ",,W,", "value": 8317}, {"date": "2010-12-21T00:00:00", "datatype": "AWBT", "station": "GHCND:USW00003017", "attributes": ",,W,", "value": -56}, {"date": "2010-12-21T00:00:00", "datatype": "AWND", "station": "GHCND:USW00003017", "attributes": ",,W,", "value": 5.1}, {"date": "2010-12-21T00:00:00", "datatype": "FMTM", "station": "GHCND:USW00003017", "attributes": ",,X,", "value": 420}, {"date": "2010-12-21T00:00:00", "datatype": "PGTM", "station": "GHCND:USW00003017", "attributes": ",,W,", "value": 400}, {"date": "2010-12-21T00:00:00", "datatype": "PRCP", "station": "GHCND:USW00003017", "attributes": ",,0,2400", "value": 0.0}, {"date": "2010-12-21T00:00:00", "datatype": "RHAV", "station": "GHCND:USW00003017", "attributes": ",,W,", "value": 64}, {"date": "2010-12-21T00:00:00", "datatype": "RHMN", "station": "GHCND:USW00003017", "attributes": ",,W,", "value": 46}, {"date": "2010-12-21T00:00:00", "datatype": "RHMX", "station": "GHCND:USW00003017", "attributes": ",,W,", "value": 78}, {"date": "2010-12-21T00:00:00", "datatype": "SNOW", "station": "GHCND:USW00003017", "attributes": ",,0,", "value": 0.0}, {"date": "2010-12-21T00:00:00", "datatype": "SNWD", "station": "GHCND:USW00003017", "attributes": ",,0,", "value": 0.0}, {"date": "2010-12-21T00:00:00", "datatype": "TMAX", "station": "GHCND:USW00003017", "attributes": ",,0,2400", "value": 37.0}, {"date": "2010-12-21T00:00:00", "datatype": "TMIN", "station": "GHCND:USW00003017", "attributes": ",,0,2400", "value": 18.0}, {"date": "2010-12-21T00:00:00", "datatype": "WDF2", "station": "GHCND:USW00003017", "attributes": ",,X,", "value": 160}, {"date": "2010-12-21T00:00:00", "datatype": "WDF5", "station": "GHCND:USW00003017", "attributes": ",,X,", "value": 160}, {"date": "2010-12-21T00:00:00", "datatype": "WSF2", "station": "GHCND:USW00003017", "attributes": ",,X,", "value": 12.1}, {"date": "2010-12-21T00:00:00", "datatype": "WSF5", "station": "GHCND:USW00003017", "attributes": ",,X,", "value": 13.0}, {"date": "2010-12-22T00:00:00", "datatype": "ADPT", "station": "GHCND:USW00003017", "attributes": ",,W,", "value": -78}, {"date": "2010-12-22T00:00:00", "datatype": "ASLP", "station": "GHCND:USW00003017", "attributes": ",,W,", "value": 10217}, {"date": "2010-12-22T00:00:00", "datatype": "ASTP", "station": "GHCND:USW00003017", "attributes": ",,W,", "value": 8347}, {"date": "2010-12-22T00:00:00", "datatype": "AWBT", "station": "GHCND:USW00003017", "attributes": ",,W,", "value": -44}, {"date": "2010-12-22T00:00:00", "datatype": "AWND", "station": "GHCND:USW00003017", "attributes": ",,W,", "value": 4.5}, {"date": "2010-12-22T00:00:00", "datatype": "FMTM", "station": "GHCND:USW00003017", "attributes": ",,X,", "value": 1549}, {"date": "2010-12-22T00:00:00", "datatype": "PGTM", "station": "GHCND:USW00003017", "attributes": ",,W,", "value": 1551}, {"date": "2010-12-22T00:00:00", "datatype": "PRCP", "station": "GHCND:USW00003017", "attributes": ",,0,2400", "value": 0.0}, {"date": "2010-12-22T00:00:00", "datatype": "RHAV", "station": "GHCND:USW00003017", "attributes": ",,W,", "value": 68}, {"date": "2010-12-22T00:00:00", "datatype": "RHMN", "station": "GHCND:USW00003017", "attributes": ",,W,", "value": 43}, {"date": "2010-12-22T00:00:00", "datatype": "RHMX", "station": "GHCND:USW00003017", "attributes": ",,W,", "value": 84}, {"date": "2010-12-22T00:00:00", "datatype": "SNOW", "station": "GHCND:USW00003017", "attributes": ",,0,", "value": 0.0}, {"date": "2010-12-22T00:00:00", "datatype": "SNWD", "station": "GHCND:USW00003017", "attributes": ",,0,", "value": 0.0}, {"date": "2010-12-22T00:00:00", "datatype": "TMAX", "station": "GHCND:USW00003017", "attributes": ",,0,2400", "value": 42.0}, {"date": "2010-12-22T00:00:00", "datatype": "TMIN", "station": "GHCND:USW00003017", "attributes": ",,0,2400", "value": 13.0}, {"date": "2010-12-22T00:00:00", "datatype": "WDF2", "station": "GHCND:USW00003017", "attributes": ",,X,", "value": 340}, {"date": "2010-12-22T00:00:00", "datatype": "WDF5", "station": "GHCND:USW00003017", "attributes": ",,X,", "value": 340}, {"date": "2010-12-22T00:00:00", "datatype": "WSF2", "station": "GHCND:USW00003017", "attributes": ",,X,", "value": 14.1}, {"date": "2010-12-22T00:00:00", "datatype": "WSF5", "station": "GHCND:USW00003017", "attributes": ",,X,", "value": 15.0}, {"date": "2010-12-22T00:00:00", "datatype": "WT01", "station": "GHCND:USW00003017", "attributes": ",,W,", "value": 1}, {"date": "2010-12-22T00:00:00", "datatype": "WT07", "station": "GHCND:USW00003017", "attributes": ",,0,", "value": 1}, {"date": "2010-12-22T00:00:00", "datatype": "WT08", "station": "GHCND:USW00003017", "attributes": ",,X,", "value": 1}, {"date": "2010-12-22T00:00:00", "datatype": "WT13", "station": "GHCND:USW00003017", "attributes": ",,X,", "value": 1}, {"date": "2010-12-23T00:00:00", "datatype": "AWND", "station": "GHCND:USW00003017", "attributes": ",,W,", "value": 4.3}, {"date": "2010-12-23T00:00:00", "datatype": "FMTM", "station": "GHCND:USW00003017", "attributes": ",,X,", "value": 2018}, {"date": "2010-12-23T00:00:00", "datatype": "PGTM", "station": "GHCND:USW00003017", "attributes": ",,W,", "value": 2012}, {"date": "2010-12-23T00:00:00", "datatype": "PRCP", "station": "GHCND:USW00003017", "attributes": ",,0,2400", "value": 0.0}, {"date": "2010-12-23T00:00:00", "datatype": "RHAV", "station": "GHCND:USW00003017", "attributes": ",,W,", "value": 67}, {"date": "2010-12-23T00:00:00", "datatype": "RHMN", "station": "GHCND:USW00003017", "attributes": ",,W,", "value": 38}, {"date": "2010-12-23T00:00:00", "datatype": "RHMX", "station": "GHCND:USW00003017", "attributes": ",,W,", "value": 92}, {"date": "2010-12-23T00:00:00", "datatype": "SNOW", "station": "GHCND:USW00003017", "attributes": ",,0,", "value": 0.0}, {"date": "2010-12-23T00:00:00", "datatype": "SNWD", "station": "GHCND:USW00003017", "attributes": ",,0,", "value": 0.0}, {"date": "2010-12-23T00:00:00", "datatype": "TMAX", "station": "GHCND:USW00003017", "attributes": ",,0,2400", "value": 50.0}, {"date": "2010-12-23T00:00:00", "datatype": "TMIN", "station": "GHCND:USW00003017", "attributes": ",,0,2400", "value": 18.0}, {"date": "2010-12-23T00:00:00", "datatype": "WDF2", "station": "GHCND:USW00003017", "attributes": ",,X,", "value": 70}, {"date": "2010-12-23T00:00:00", "datatype": "WDF5", "station": "GHCND:USW00003017", "attributes": ",,X,", "value": 80}, {"date": "2010-12-23T00:00:00", "datatype": "WSF2", "station": "GHCND:USW00003017", "attributes": ",,X,", "value": 12.1}, {"date": "2010-12-23T00:00:00", "datatype": "WSF5", "station": "GHCND:USW00003017", "attributes": ",,X,", "value": 15.0}, {"date": "2010-12-23T00:00:00", "datatype": "WT01", "station": "GHCND:USW00003017", "attributes": ",,W,", "value": 1}, {"date": "2010-12-23T00:00:00", "datatype": "WT02", "station": "GHCND:USW00003017", "attributes": ",,X,", "value": 1}, {"date": "2010-12-23T00:00:00", "datatype": "WT07", "station": "GHCND:USW00003017", "attributes": ",,0,", "value": 1}, {"date": "2010-12-23T00:00:00", "datatype": "WT08", "station": "GHCND:USW00003017", "attributes": ",,X,", "value": 1}, {"date": "2010-12-23T00:00:00", "datatype": "WT09", "station": "GHCND:USW00003017", "attributes": ",,0,", "value": 1}, {"date": "2010-12-23T00:00:00", "datatype": "WT13", "station": "GHCND:USW00003017", "attributes": ",,X,", "value": 1}, {"date": "2010-12-23T00:00:00", "datatype": "WT22", "station": "GHCND:USW00003017", "attributes": ",,X,", "value": 1}, {"date": "2010-12-24T00:00:00", "datatype": "ADPT", "station": "GHCND:USW00003017", "attributes": ",,W,", "value": -67}, {"date": "2010-12-24T00:00:00", "datatype": "ASLP", "station": "GHCND:USW00003017", "attributes": ",,W,", "value": 10257}, {"date": "2010-12-24T00:00:00", "datatype": "ASTP", "station": "GHCND:USW00003017", "attributes": ",,W,", "value": 8391}, {"date": "2010-12-24T00:00:00", "datatype": "AWBT", "station": "GHCND:USW00003017", "attributes": ",,W,", "value": -28}, {"date": "2010-12-24T00:00:00", "datatype": "AWND", "station": "GHCND:USW00003017", "attributes": ",,W,", "value": 7.8}, {"date": "2010-12-24T00:00:00", "datatype": "FMTM", "station": "GHCND:USW00003017", "attributes": ",,X,", "value": 2359}, {"date": "2010-12-24T00:00:00", "datatype": "PGTM", "station": "GHCND:USW00003017", "attributes": ",,W,", "value": 1114}, {"date": "2010-12-24T00:00:00", "datatype": "PRCP", "station": "GHCND:USW00003017", "attributes": ",,0,2400", "value": 0.0}, {"date": "2010-12-24T00:00:00", "datatype": "RHAV", "station": "GHCND:USW00003017", "attributes": ",,W,", "value": 64}, {"date": "2010-12-24T00:00:00", "datatype": "RHMN", "station": "GHCND:USW00003017", "attributes": ",,W,", "value": 40}, {"date": "2010-12-24T00:00:00", "datatype": "RHMX", "station": "GHCND:USW00003017", "attributes": ",,W,", "value": 85}, {"date": "2010-12-24T00:00:00", "datatype": "SNOW", "station": "GHCND:USW00003017", "attributes": ",,0,", "value": 0.0}, {"date": "2010-12-24T00:00:00", "datatype": "SNWD", "station": "GHCND:USW00003017", "attributes": ",,0,", "value": 0.0}, {"date": "2010-12-24T00:00:00", "datatype": "TMAX", "station": "GHCND:USW00003017", "attributes": ",,0,2400", "value": 45.0}, {"date": "2010-12-24T00:00:00", "datatype": "TMIN", "station": "GHCND:USW00003017", "attributes": ",,0,2400", "value": 18.0}, {"date": "2010-12-24T00:00:00", "datatype": "WDF2", "station": "GHCND:USW00003017", "attributes": ",,X,", "value": 160}, {"date": "2010-12-24T00:00:00", "datatype": "WDF5", "station": "GHCND:USW00003017", "attributes": ",,X,", "value": 80}, {"date": "2010-12-24T00:00:00", "datatype": "WSF2", "station": "GHCND:USW00003017", "attributes": ",,X,", "value": 12.1}, {"date": "2010-12-24T00:00:00", "datatype": "WSF5", "station": "GHCND:USW00003017", "attributes": ",,X,", "value": 14.1}, {"date": "2010-12-25T00:00:00", "datatype": "ADPT", "station": "GHCND:USW00003017", "attributes": ",,W,", "value": -111}, {"date": "2010-12-25T00:00:00", "datatype": "ASLP", "station": "GHCND:USW00003017", "attributes": ",,W,", "value": 10264}, {"date": "2010-12-25T00:00:00", "datatype": "ASTP", "station": "GHCND:USW00003017", "attributes": ",,W,", "value": 8391}, {"date": "2010-12-25T00:00:00", "datatype": "AWBT", "station": "GHCND:USW00003017", "attributes": ",,W,", "value": -39}, {"date": "2010-12-25T00:00:00", "datatype": "AWND", "station": "GHCND:USW00003017", "attributes": ",,W,", "value": 9.4}, {"date": "2010-12-25T00:00:00", "datatype": "FMTM", "station": "GHCND:USW00003017", "attributes": ",,X,", "value": 2049}, {"date": "2010-12-25T00:00:00", "datatype": "PGTM", "station": "GHCND:USW00003017", "attributes": ",,W,", "value": 2033}, {"date": "2010-12-25T00:00:00", "datatype": "PRCP", "station": "GHCND:USW00003017", "attributes": ",,0,2400", "value": 0.0}, {"date": "2010-12-25T00:00:00", "datatype": "RHAV", "station": "GHCND:USW00003017", "attributes": ",,W,", "value": 51}, {"date": "2010-12-25T00:00:00", "datatype": "RHMN", "station": "GHCND:USW00003017", "attributes": ",,W,", "value": 16}, {"date": "2010-12-25T00:00:00", "datatype": "RHMX", "station": "GHCND:USW00003017", "attributes": ",,W,", "value": 84}, {"date": "2010-12-25T00:00:00", "datatype": "SNOW", "station": "GHCND:USW00003017", "attributes": ",,0,", "value": 0.0}, {"date": "2010-12-25T00:00:00", "datatype": "SNWD", "station": "GHCND:USW00003017", "attributes": ",,0,", "value": 0.0}, {"date": "2010-12-25T00:00:00", "datatype": "TMAX", "station": "GHCND:USW00003017", "attributes": ",,0,2400", "value": 52.0}, {"date": "2010-12-25T00:00:00", "datatype": "TMIN", "station": "GHCND:USW00003017", "attributes": ",,0,2400", "value": 17.0}, {"date": "2010-12-25T00:00:00", "datatype": "WDF2", "station": "GHCND:USW00003017", "attributes": ",,X,", "value": 230}, {"date": "2010-12-25T00:00:00", "datatype": "WDF5", "station": "GHCND:USW00003017", "attributes": ",,X,", "value": 220}, {"date": "2010-12-25T00:00:00", "datatype": "WSF2", "station": "GHCND:USW00003017", "attributes": ",,X,", "value": 16.1}, {"date": "2010-12-25T00:00:00", "datatype": "WSF5", "station": "GHCND:USW00003017", "attributes": ",,X,", "value": 19.9}, {"date": "2010-12-26T00:00:00", "datatype": "ADPT", "station": "GHCND:USW00003017", "attributes": ",,W,", "value": -100}, {"date": "2010-12-26T00:00:00", "datatype": "ASLP", "station": "GHCND:USW00003017", "attributes": ",,W,", "value": 10139}, {"date": "2010-12-26T00:00:00", "datatype": "ASTP", "station": "GHCND:USW00003017", "attributes": ",,W,", "value": 8293}, {"date": "2010-12-26T00:00:00", "datatype": "AWBT", "station": "GHCND:USW00003017", "attributes": ",,W,", "value": -33}, {"date": "2010-12-26T00:00:00", "datatype": "AWND", "station": "GHCND:USW00003017", "attributes": ",,W,", "value": 4.0}, {"date": "2010-12-26T00:00:00", "datatype": "FMTM", "station": "GHCND:USW00003017", "attributes": ",,X,", "value": 1514}, {"date": "2010-12-26T00:00:00", "datatype": "PGTM", "station": "GHCND:USW00003017", "attributes": ",,W,", "value": 1519}, {"date": "2010-12-26T00:00:00", "datatype": "PRCP", "station": "GHCND:USW00003017", "attributes": ",,0,2400", "value": 0.0}, {"date": "2010-12-26T00:00:00", "datatype": "RHAV", "station": "GHCND:USW00003017", "attributes": ",,W,", "value": 48}, {"date": "2010-12-26T00:00:00", "datatype": "RHMN", "station": "GHCND:USW00003017", "attributes": ",,W,", "value": 19}, {"date": "2010-12-26T00:00:00", "datatype": "RHMX", "station": "GHCND:USW00003017", "attributes": ",,W,", "value": 71}, {"date": "2010-12-26T00:00:00", "datatype": "SNOW", "station": "GHCND:USW00003017", "attributes": ",,0,", "value": 0.0}, {"date": "2010-12-26T00:00:00", "datatype": "SNWD", "station": "GHCND:USW00003017", "attributes": ",,0,", "value": 0.0}, {"date": "2010-12-26T00:00:00", "datatype": "TMAX", "station": "GHCND:USW00003017", "attributes": ",,0,2400", "value": 51.0}, {"date": "2010-12-26T00:00:00", "datatype": "TMIN", "station": "GHCND:USW00003017", "attributes": ",,0,2400", "value": 18.0}, {"date": "2010-12-26T00:00:00", "datatype": "WDF2", "station": "GHCND:USW00003017", "attributes": ",,X,", "value": 50}, {"date": "2010-12-26T00:00:00", "datatype": "WDF5", "station": "GHCND:USW00003017", "attributes": ",,X,", "value": 60}, {"date": "2010-12-26T00:00:00", "datatype": "WSF2", "station": "GHCND:USW00003017", "attributes": ",,X,", "value": 13.0}, {"date": "2010-12-26T00:00:00", "datatype": "WSF5", "station": "GHCND:USW00003017", "attributes": ",,X,", "value": 14.1}, {"date": "2010-12-27T00:00:00", "datatype": "ADPT", "station": "GHCND:USW00003017", "attributes": ",,W,", "value": -111}, {"date": "2010-12-27T00:00:00", "datatype": "ASLP", "station": "GHCND:USW00003017", "attributes": ",,W,", "value": 10166}, {"date": "2010-12-27T00:00:00", "datatype": "ASTP", "station": "GHCND:USW00003017", "attributes": ",,W,", "value": 8320}, {"date": "2010-12-27T00:00:00", "datatype": "AWBT", "station": "GHCND:USW00003017", "attributes": ",,W,", "value": -33}, {"date": "2010-12-27T00:00:00", "datatype": "AWND", "station": "GHCND:USW00003017", "attributes": ",,W,", "value": 9.6}, {"date": "2010-12-27T00:00:00", "datatype": "FMTM", "station": "GHCND:USW00003017", "attributes": ",,X,", "value": 2312}, {"date": "2010-12-27T00:00:00", "datatype": "PGTM", "station": "GHCND:USW00003017", "attributes": ",,W,", "value": 2311}, {"date": "2010-12-27T00:00:00", "datatype": "PRCP", "station": "GHCND:USW00003017", "attributes": ",,0,2400", "value": 0.0}, {"date": "2010-12-27T00:00:00", "datatype": "RHAV", "station": "GHCND:USW00003017", "attributes": ",,W,", "value": 44}, {"date": "2010-12-27T00:00:00", "datatype": "RHMN", "station": "GHCND:USW00003017", "attributes": ",,W,", "value": 25}, {"date": "2010-12-27T00:00:00", "datatype": "RHMX", "station": "GHCND:USW00003017", "attributes": ",,W,", "value": 68}, {"date": "2010-12-27T00:00:00", "datatype": "SNOW", "station": "GHCND:USW00003017", "attributes": ",,0,", "value": 0.0}, {"date": "2010-12-27T00:00:00", "datatype": "SNWD", "station": "GHCND:USW00003017", "attributes": ",,0,", "value": 0.0}, {"date": "2010-12-27T00:00:00", "datatype": "TMAX", "station": "GHCND:USW00003017", "attributes": ",,0,2400", "value": 47.0}, {"date": "2010-12-27T00:00:00", "datatype": "TMIN", "station": "GHCND:USW00003017", "attributes": ",,0,2400", "value": 16.0}, {"date": "2010-12-27T00:00:00", "datatype": "WDF2", "station": "GHCND:USW00003017", "attributes": ",,X,", "value": 170}, {"date": "2010-12-27T00:00:00", "datatype": "WDF5", "station": "GHCND:USW00003017", "attributes": ",,X,", "value": 170}, {"date": "2010-12-27T00:00:00", "datatype": "WSF2", "station": "GHCND:USW00003017", "attributes": ",,X,", "value": 25.1}, {"date": "2010-12-27T00:00:00", "datatype": "WSF5", "station": "GHCND:USW00003017", "attributes": ",,X,", "value": 30.0}, {"date": "2010-12-28T00:00:00", "datatype": "ADPT", "station": "GHCND:USW00003017", "attributes": ",,W,", "value": -139}, {"date": "2010-12-28T00:00:00", "datatype": "ASLP", "station": "GHCND:USW00003017", "attributes": ",,W,", "value": 10112}, {"date": "2010-12-28T00:00:00", "datatype": "ASTP", "station": "GHCND:USW00003017", "attributes": ",,W,", "value": 8266}, {"date": "2010-12-28T00:00:00", "datatype": "AWBT", "station": "GHCND:USW00003017", "attributes": ",,W,", "value": -39}, {"date": "2010-12-28T00:00:00", "datatype": "AWND", "station": "GHCND:USW00003017", "attributes": ",,W,", "value": 9.6}, {"date": "2010-12-28T00:00:00", "datatype": "FMTM", "station": "GHCND:USW00003017", "attributes": ",,X,", "value": 2359}, {"date": "2010-12-28T00:00:00", "datatype": "PGTM", "station": "GHCND:USW00003017", "attributes": ",,W,", "value": 153}, {"date": "2010-12-28T00:00:00", "datatype": "PRCP", "station": "GHCND:USW00003017", "attributes": ",,0,2400", "value": 0.0}, {"date": "2010-12-28T00:00:00", "datatype": "RHAV", "station": "GHCND:USW00003017", "attributes": ",,W,", "value": 34}, {"date": "2010-12-28T00:00:00", "datatype": "RHMN", "station": "GHCND:USW00003017", "attributes": ",,W,", "value": 16}, {"date": "2010-12-28T00:00:00", "datatype": "RHMX", "station": "GHCND:USW00003017", "attributes": ",,W,", "value": 60}, {"date": "2010-12-28T00:00:00", "datatype": "SNOW", "station": "GHCND:USW00003017", "attributes": ",,0,", "value": 0.0}, {"date": "2010-12-28T00:00:00", "datatype": "SNWD", "station": "GHCND:USW00003017", "attributes": ",,0,", "value": 0.0}, {"date": "2010-12-28T00:00:00", "datatype": "TMAX", "station": "GHCND:USW00003017", "attributes": ",,0,2400", "value": 49.0}, {"date": "2010-12-28T00:00:00", "datatype": "TMIN", "station": "GHCND:USW00003017", "attributes": ",,0,2400", "value": 23.0}, {"date": "2010-12-28T00:00:00", "datatype": "WDF2", "station": "GHCND:USW00003017", "attributes": ",,X,", "value": 210}, {"date": "2010-12-28T00:00:00", "datatype": "WDF5", "station": "GHCND:USW00003017", "attributes": ",,X,", "value": 170}, {"date": "2010-12-28T00:00:00", "datatype": "WSF2", "station": "GHCND:USW00003017", "attributes": ",,X,", "value": 19.9}, {"date": "2010-12-28T00:00:00", "datatype": "WSF5", "station": "GHCND:USW00003017", "attributes": ",,X,", "value": 25.9}, {"date": "2010-12-29T00:00:00", "datatype": "ADPT", "station": "GHCND:USW00003017", "attributes": ",,W,", "value": -139}, {"date": "2010-12-29T00:00:00", "datatype": "ASLP", "station": "GHCND:USW00003017", "attributes": ",,W,", "value": 9881}, {"date": "2010-12-29T00:00:00", "datatype": "ASTP", "station": "GHCND:USW00003017", "attributes": ",,W,", "value": 8093}, {"date": "2010-12-29T00:00:00", "datatype": "AWBT", "station": "GHCND:USW00003017", "attributes": ",,W,", "value": -17}, {"date": "2010-12-29T00:00:00", "datatype": "AWND", "station": "GHCND:USW00003017", "attributes": ",,W,", "value": 11.4}, {"date": "2010-12-29T00:00:00", "datatype": "FMTM", "station": "GHCND:USW00003017", "attributes": ",,X,", "value": 1026}, {"date": "2010-12-29T00:00:00", "datatype": "PGTM", "station": "GHCND:USW00003017", "attributes": ",,W,", "value": 1027}, {"date": "2010-12-29T00:00:00", "datatype": "PRCP", "station": "GHCND:USW00003017", "attributes": ",,0,2400", "value": 0.0}, {"date": "2010-12-29T00:00:00", "datatype": "RHAV", "station": "GHCND:USW00003017", "attributes": ",,W,", "value": 27}, {"date": "2010-12-29T00:00:00", "datatype": "RHMN", "station": "GHCND:USW00003017", "attributes": ",,W,", "value": 14}, {"date": "2010-12-29T00:00:00", "datatype": "RHMX", "station": "GHCND:USW00003017", "attributes": ",,W,", "value": 51}, {"date": "2010-12-29T00:00:00", "datatype": "SNOW", "station": "GHCND:USW00003017", "attributes": ",,0,", "value": 0.0}, {"date": "2010-12-29T00:00:00", "datatype": "SNWD", "station": "GHCND:USW00003017", "attributes": ",,0,", "value": 0.0}, {"date": "2010-12-29T00:00:00", "datatype": "TMAX", "station": "GHCND:USW00003017", "attributes": ",,0,2400", "value": 55.0}, {"date": "2010-12-29T00:00:00", "datatype": "TMIN", "station": "GHCND:USW00003017", "attributes": ",,0,2400", "value": 26.0}, {"date": "2010-12-29T00:00:00", "datatype": "WDF2", "station": "GHCND:USW00003017", "attributes": ",,X,", "value": 220}, {"date": "2010-12-29T00:00:00", "datatype": "WDF5", "station": "GHCND:USW00003017", "attributes": ",,X,", "value": 210}, {"date": "2010-12-29T00:00:00", "datatype": "WSF2", "station": "GHCND:USW00003017", "attributes": ",,X,", "value": 29.1}, {"date": "2010-12-29T00:00:00", "datatype": "WSF5", "station": "GHCND:USW00003017", "attributes": ",,X,", "value": 33.1}, {"date": "2010-12-30T00:00:00", "datatype": "ADPT", "station": "GHCND:USW00003017", "attributes": ",,W,", "value": -117}, {"date": "2010-12-30T00:00:00", "datatype": "ASLP", "station": "GHCND:USW00003017", "attributes": ",,W,", "value": 9949}, {"date": "2010-12-30T00:00:00", "datatype": "ASTP", "station": "GHCND:USW00003017", "attributes": ",,W,", "value": 8131}, {"date": "2010-12-30T00:00:00", "datatype": "AWBT", "station": "GHCND:USW00003017", "attributes": ",,W,", "value": -83}, {"date": "2010-12-30T00:00:00", "datatype": "AWND", "station": "GHCND:USW00003017", "attributes": ",,W,", "value": 12.8}, {"date": "2010-12-30T00:00:00", "datatype": "FMTM", "station": "GHCND:USW00003017", "attributes": ",,X,", "value": 1040}, {"date": "2010-12-30T00:00:00", "datatype": "PGTM", "station": "GHCND:USW00003017", "attributes": ",,W,", "value": 1044}, {"date": "2010-12-30T00:00:00", "datatype": "PRCP", "station": "GHCND:USW00003017", "attributes": ",,0,2400", "value": 0.1}, {"date": "2010-12-30T00:00:00", "datatype": "RHAV", "station": "GHCND:USW00003017", "attributes": ",,W,", "value": 73}, {"date": "2010-12-30T00:00:00", "datatype": "RHMN", "station": "GHCND:USW00003017", "attributes": ",,W,", "value": 44}, {"date": "2010-12-30T00:00:00", "datatype": "RHMX", "station": "GHCND:USW00003017", "attributes": ",,W,", "value": 85}, {"date": "2010-12-30T00:00:00", "datatype": "SNOW", "station": "GHCND:USW00003017", "attributes": ",,0,", "value": 2.2}, {"date": "2010-12-30T00:00:00", "datatype": "SNWD", "station": "GHCND:USW00003017", "attributes": ",,0,", "value": 2.0}, {"date": "2010-12-30T00:00:00", "datatype": "TMAX", "station": "GHCND:USW00003017", "attributes": ",,0,2400", "value": 37.0}, {"date": "2010-12-30T00:00:00", "datatype": "TMIN", "station": "GHCND:USW00003017", "attributes": ",,0,2400", "value": 3.0}, {"date": "2010-12-30T00:00:00", "datatype": "WDF2", "station": "GHCND:USW00003017", "attributes": ",,X,", "value": 40}, {"date": "2010-12-30T00:00:00", "datatype": "WDF5", "station": "GHCND:USW00003017", "attributes": ",,X,", "value": 40}, {"date": "2010-12-30T00:00:00", "datatype": "WSF2", "station": "GHCND:USW00003017", "attributes": ",,X,", "value": 23.9}, {"date": "2010-12-30T00:00:00", "datatype": "WSF5", "station": "GHCND:USW00003017", "attributes": ",,X,", "value": 29.1}, {"date": "2010-12-30T00:00:00", "datatype": "WT01", "station": "GHCND:USW00003017", "attributes": ",,W,", "value": 1}, {"date": "2010-12-30T00:00:00", "datatype": "WT02", "station": "GHCND:USW00003017", "attributes": ",,W,", "value": 1}, {"date": "2010-12-30T00:00:00", "datatype": "WT08", "station": "GHCND:USW00003017", "attributes": ",,W,", "value": 1}, {"date": "2010-12-30T00:00:00", "datatype": "WT13", "station": "GHCND:USW00003017", "attributes": ",,X,", "value": 1}, {"date": "2010-12-30T00:00:00", "datatype": "WT16", "station": "GHCND:USW00003017", "attributes": ",,0,", "value": 1}, {"date": "2010-12-30T00:00:00", "datatype": "WT18", "station": "GHCND:USW00003017", "attributes": ",,X,", "value": 1}, {"date": "2010-12-31T00:00:00", "datatype": "ADPT", "station": "GHCND:USW00003017", "attributes": ",,W,", "value": -194}, {"date": "2010-12-31T00:00:00", "datatype": "ASLP", "station": "GHCND:USW00003017", "attributes": ",,W,", "value": 10102}, {"date": "2010-12-31T00:00:00", "datatype": "ASTP", "station": "GHCND:USW00003017", "attributes": ",,W,", "value": 8209}, {"date": "2010-12-31T00:00:00", "datatype": "AWBT", "station": "GHCND:USW00003017", "attributes": ",,W,", "value": -161}, {"date": "2010-12-31T00:00:00", "datatype": "AWND", "station": "GHCND:USW00003017", "attributes": ",,W,", "value": 11.2}, {"date": "2010-12-31T00:00:00", "datatype": "FMTM", "station": "GHCND:USW00003017", "attributes": ",,X,", "value": 950}, {"date": "2010-12-31T00:00:00", "datatype": "PGTM", "station": "GHCND:USW00003017", "attributes": ",,W,", "value": 1747}, {"date": "2010-12-31T00:00:00", "datatype": "PRCP", "station": "GHCND:USW00003017", "attributes": ",,0,2400", "value": 0.12}, {"date": "2010-12-31T00:00:00", "datatype": "RHAV", "station": "GHCND:USW00003017", "attributes": ",,W,", "value": 69}, {"date": "2010-12-31T00:00:00", "datatype": "RHMN", "station": "GHCND:USW00003017", "attributes": ",,W,", "value": 50}, {"date": "2010-12-31T00:00:00", "datatype": "RHMX", "station": "GHCND:USW00003017", "attributes": ",,W,", "value": 80}, {"date": "2010-12-31T00:00:00", "datatype": "SNOW", "station": "GHCND:USW00003017", "attributes": ",,0,", "value": 1.1}, {"date": "2010-12-31T00:00:00", "datatype": "SNWD", "station": "GHCND:USW00003017", "attributes": ",,0,", "value": 2.0}, {"date": "2010-12-31T00:00:00", "datatype": "TMAX", "station": "GHCND:USW00003017", "attributes": ",,0,2400", "value": 9.0}, {"date": "2010-12-31T00:00:00", "datatype": "TMIN", "station": "GHCND:USW00003017", "attributes": ",,0,2400", "value": 0.0}, {"date": "2010-12-31T00:00:00", "datatype": "WDF2", "station": "GHCND:USW00003017", "attributes": ",,X,", "value": 10}, {"date": "2010-12-31T00:00:00", "datatype": "WDF5", "station": "GHCND:USW00003017", "attributes": ",,X,", "value": 180}, {"date": "2010-12-31T00:00:00", "datatype": "WSF2", "station": "GHCND:USW00003017", "attributes": ",,X,", "value": 21.9}, {"date": "2010-12-31T00:00:00", "datatype": "WSF5", "station": "GHCND:USW00003017", "attributes": ",,X,", "value": 40.0}, {"date": "2010-12-31T00:00:00", "datatype": "WT08", "station": "GHCND:USW00003017", "attributes": ",,W,", "value": 1}, {"date": "2010-12-31T00:00:00", "datatype": "WT16", "station": "GHCND:USW00003017", "attributes": ",,0,", "value": 1}, {"date": "2010-12-31T00:00:00", "datatype": "WT18", "station": "GHCND:USW00003017", "attributes": ",,X,", "value": 1}, {"date": "2011-01-01T00:00:00", "datatype": "ADPT", "station": "GHCND:USW00003017", "attributes": ",,W,", "value": -211}, {"date": "2011-01-01T00:00:00", "datatype": "ASLP", "station": "GHCND:USW00003017", "attributes": ",,W,", "value": 10190}, {"date": "2011-01-01T00:00:00", "datatype": "ASTP", "station": "GHCND:USW00003017", "attributes": ",,W,", "value": 8286}, {"date": "2011-01-01T00:00:00", "datatype": "AWBT", "station": "GHCND:USW00003017", "attributes": ",,W,", "value": -139}, {"date": "2011-01-01T00:00:00", "datatype": "AWND", "station": "GHCND:USW00003017", "attributes": ",,W,", "value": 9.6}, {"date": "2011-01-01T00:00:00", "datatype": "FMTM", "station": "GHCND:USW00003017", "attributes": ",,X,", "value": 2359}, {"date": "2011-01-01T00:00:00", "datatype": "PGTM", "station": "GHCND:USW00003017", "attributes": ",,W,", "value": 2359}, {"date": "2011-01-01T00:00:00", "datatype": "PRCP", "station": "GHCND:USW00003017", "attributes": ",,X,2400", "value": 0.0}, {"date": "2011-01-01T00:00:00", "datatype": "RHAV", "station": "GHCND:USW00003017", "attributes": ",,W,", "value": 45}, {"date": "2011-01-01T00:00:00", "datatype": "RHMN", "station": "GHCND:USW00003017", "attributes": ",,W,", "value": 34}, {"date": "2011-01-01T00:00:00", "datatype": "RHMX", "station": "GHCND:USW00003017", "attributes": ",,W,", "value": 54}, {"date": "2011-01-01T00:00:00", "datatype": "SNOW", "station": "GHCND:USW00003017", "attributes": ",,X,", "value": 0.0}, {"date": "2011-01-01T00:00:00", "datatype": "SNWD", "station": "GHCND:USW00003017", "attributes": ",,X,", "value": 2.0}, {"date": "2011-01-01T00:00:00", "datatype": "TMAX", "station": "GHCND:USW00003017", "attributes": ",,X,2400", "value": 19.0}, {"date": "2011-01-01T00:00:00", "datatype": "TMIN", "station": "GHCND:USW00003017", "attributes": ",,X,2400", "value": 2.0}, {"date": "2011-01-01T00:00:00", "datatype": "WDF2", "station": "GHCND:USW00003017", "attributes": ",,X,", "value": 220}, {"date": "2011-01-01T00:00:00", "datatype": "WDF5", "station": "GHCND:USW00003017", "attributes": ",,X,", "value": 220}, {"date": "2011-01-01T00:00:00", "datatype": "WSF2", "station": "GHCND:USW00003017", "attributes": ",,X,", "value": 17.9}, {"date": "2011-01-01T00:00:00", "datatype": "WSF5", "station": "GHCND:USW00003017", "attributes": ",,X,", "value": 21.0}, {"date": "2011-01-02T00:00:00", "datatype": "ADPT", "station": "GHCND:USW00003017", "attributes": ",,W,", "value": -156}, {"date": "2011-01-02T00:00:00", "datatype": "ASLP", "station": "GHCND:USW00003017", "attributes": ",,W,", "value": 10169}, {"date": "2011-01-02T00:00:00", "datatype": "ASTP", "station": "GHCND:USW00003017", "attributes": ",,W,", "value": 8297}, {"date": "2011-01-02T00:00:00", "datatype": "AWBT", "station": "GHCND:USW00003017", "attributes": ",,W,", "value": -72}, {"date": "2011-01-02T00:00:00", "datatype": "AWND", "station": "GHCND:USW00003017", "attributes": ",,W,", "value": 9.2}, {"date": "2011-01-02T00:00:00", "datatype": "FMTM", "station": "GHCND:USW00003017", "attributes": ",,X,", "value": 613}, {"date": "2011-01-02T00:00:00", "datatype": "PGTM", "station": "GHCND:USW00003017", "attributes": ",,W,", "value": 612}, {"date": "2011-01-02T00:00:00", "datatype": "PRCP", "station": "GHCND:USW00003017", "attributes": ",,X,2400", "value": 0.0}, {"date": "2011-01-02T00:00:00", "datatype": "RHAV", "station": "GHCND:USW00003017", "attributes": ",,W,", "value": 41}, {"date": "2011-01-02T00:00:00", "datatype": "RHMN", "station": "GHCND:USW00003017", "attributes": ",,W,", "value": 29}, {"date": "2011-01-02T00:00:00", "datatype": "RHMX", "station": "GHCND:USW00003017", "attributes": ",,W,", "value": 57}, {"date": "2011-01-02T00:00:00", "datatype": "SNOW", "station": "GHCND:USW00003017", "attributes": ",,X,", "value": 0.0}, {"date": "2011-01-02T00:00:00", "datatype": "SNWD", "station": "GHCND:USW00003017", "attributes": ",,X,", "value": 2.0}, {"date": "2011-01-02T00:00:00", "datatype": "TMAX", "station": "GHCND:USW00003017", "attributes": ",,X,2400", "value": 37.0}, {"date": "2011-01-02T00:00:00", "datatype": "TMIN", "station": "GHCND:USW00003017", "attributes": ",,X,2400", "value": 13.0}, {"date": "2011-01-02T00:00:00", "datatype": "WDF2", "station": "GHCND:USW00003017", "attributes": ",,X,", "value": 210}, {"date": "2011-01-02T00:00:00", "datatype": "WDF5", "station": "GHCND:USW00003017", "attributes": ",,X,", "value": 210}, {"date": "2011-01-02T00:00:00", "datatype": "WSF2", "station": "GHCND:USW00003017", "attributes": ",,X,", "value": 21.0}, {"date": "2011-01-02T00:00:00", "datatype": "WSF5", "station": "GHCND:USW00003017", "attributes": ",,X,", "value": 25.1}, {"date": "2011-01-03T00:00:00", "datatype": "ADPT", "station": "GHCND:USW00003017", "attributes": ",,W,", "value": -133}, {"date": "2011-01-03T00:00:00", "datatype": "ASLP", "station": "GHCND:USW00003017", "attributes": ",,W,", "value": 10176}, {"date": "2011-01-03T00:00:00", "datatype": "ASTP", "station": "GHCND:USW00003017", "attributes": ",,W,", "value": 8303}, {"date": "2011-01-03T00:00:00", "datatype": "AWBT", "station": "GHCND:USW00003017", "attributes": ",,W,", "value": -94}, {"date": "2011-01-03T00:00:00", "datatype": "AWND", "station": "GHCND:USW00003017", "attributes": ",,W,", "value": 10.3}, {"date": "2011-01-03T00:00:00", "datatype": "FMTM", "station": "GHCND:USW00003017", "attributes": ",,X,", "value": 2212}, {"date": "2011-01-03T00:00:00", "datatype": "PGTM", "station": "GHCND:USW00003017", "attributes": ",,W,", "value": 2136}, {"date": "2011-01-03T00:00:00", "datatype": "PRCP", "station": "GHCND:USW00003017", "attributes": ",,X,2400", "value": 0.0}, {"date": "2011-01-03T00:00:00", "datatype": "RHAV", "station": "GHCND:USW00003017", "attributes": ",,W,", "value": 63}, {"date": "2011-01-03T00:00:00", "datatype": "RHMN", "station": "GHCND:USW00003017", "attributes": ",,W,", "value": 48}, {"date": "2011-01-03T00:00:00", "datatype": "RHMX", "station": "GHCND:USW00003017", "attributes": ",,W,", "value": 81}, {"date": "2011-01-03T00:00:00", "datatype": "SNOW", "station": "GHCND:USW00003017", "attributes": ",,X,", "value": 0.0}, {"date": "2011-01-03T00:00:00", "datatype": "SNWD", "station": "GHCND:USW00003017", "attributes": ",,X,", "value": 2.0}, {"date": "2011-01-03T00:00:00", "datatype": "TMAX", "station": "GHCND:USW00003017", "attributes": ",,X,2400", "value": 29.0}, {"date": "2011-01-03T00:00:00", "datatype": "TMIN", "station": "GHCND:USW00003017", "attributes": ",,X,2400", "value": 7.0}, {"date": "2011-01-03T00:00:00", "datatype": "WDF2", "station": "GHCND:USW00003017", "attributes": ",,X,", "value": 170}, {"date": "2011-01-03T00:00:00", "datatype": "WDF5", "station": "GHCND:USW00003017", "attributes": ",,X,", "value": 160}, {"date": "2011-01-03T00:00:00", "datatype": "WSF2", "station": "GHCND:USW00003017", "attributes": ",,X,", "value": 17.0}, {"date": "2011-01-03T00:00:00", "datatype": "WSF5", "station": "GHCND:USW00003017", "attributes": ",,X,", "value": 23.0}, {"date": "2011-01-04T00:00:00", "datatype": "ADPT", "station": "GHCND:USW00003017", "attributes": ",,W,", "value": -117}, {"date": "2011-01-04T00:00:00", "datatype": "ASLP", "station": "GHCND:USW00003017", "attributes": ",,W,", "value": 10166}, {"date": "2011-01-04T00:00:00", "datatype": "ASTP", "station": "GHCND:USW00003017", "attributes": ",,W,", "value": 8286}, {"date": "2011-01-04T00:00:00", "datatype": "AWBT", "station": "GHCND:USW00003017", "attributes": ",,W,", "value": -78}, {"date": "2011-01-04T00:00:00", "datatype": "AWND", "station": "GHCND:USW00003017", "attributes": ",,W,", "value": 5.8}, {"date": "2011-01-04T00:00:00", "datatype": "FMTM", "station": "GHCND:USW00003017", "attributes": ",,X,", "value": 3}, {"date": "2011-01-04T00:00:00", "datatype": "PGTM", "station": "GHCND:USW00003017", "attributes": ",,W,", "value": 2224}, {"date": "2011-01-04T00:00:00", "datatype": "PRCP", "station": "GHCND:USW00003017", "attributes": ",,X,2400", "value": 0.0}, {"date": "2011-01-04T00:00:00", "datatype": "RHAV", "station": "GHCND:USW00003017", "attributes": ",,W,", "value": 64}, {"date": "2011-01-04T00:00:00", "datatype": "RHMN", "station": "GHCND:USW00003017", "attributes": ",,W,", "value": 46}, {"date": "2011-01-04T00:00:00", "datatype": "RHMX", "station": "GHCND:USW00003017", "attributes": ",,W,", "value": 84}, {"date": "2011-01-04T00:00:00", "datatype": "SNOW", "station": "GHCND:USW00003017", "attributes": ",,X,", "value": 0.0}, {"date": "2011-01-04T00:00:00", "datatype": "SNWD", "station": "GHCND:USW00003017", "attributes": ",,X,", "value": 1.0}, {"date": "2011-01-04T00:00:00", "datatype": "TMAX", "station": "GHCND:USW00003017", "attributes": ",,X,2400", "value": 38.0}, {"date": "2011-01-04T00:00:00", "datatype": "TMIN", "station": "GHCND:USW00003017", "attributes": ",,X,2400", "value": 7.0}, {"date": "2011-01-04T00:00:00", "datatype": "WDF2", "station": "GHCND:USW00003017", "attributes": ",,X,", "value": 170}, {"date": "2011-01-04T00:00:00", "datatype": "WDF5", "station": "GHCND:USW00003017", "attributes": ",,X,", "value": 250}, {"date": "2011-01-04T00:00:00", "datatype": "WSF2", "station": "GHCND:USW00003017", "attributes": ",,X,", "value": 12.1}, {"date": "2011-01-04T00:00:00", "datatype": "WSF5", "station": "GHCND:USW00003017", "attributes": ",,X,", "value": 13.0}, {"date": "2011-01-05T00:00:00", "datatype": "ADPT", "station": "GHCND:USW00003017", "attributes": ",,W,", "value": -100}, {"date": "2011-01-05T00:00:00", "datatype": "ASLP", "station": "GHCND:USW00003017", "attributes": ",,W,", "value": 10159}, {"date": "2011-01-05T00:00:00", "datatype": "ASTP", "station": "GHCND:USW00003017", "attributes": ",,W,", "value": 8310}, {"date": "2011-01-05T00:00:00", "datatype": "AWBT", "station": "GHCND:USW00003017", "attributes": ",,W,", "value": -33}, {"date": "2011-01-05T00:00:00", "datatype": "AWND", "station": "GHCND:USW00003017", "attributes": ",,W,", "value": 9.6}, {"date": "2011-01-05T00:00:00", "datatype": "FMTM", "station": "GHCND:USW00003017", "attributes": ",,X,", "value": 1710}, {"date": "2011-01-05T00:00:00", "datatype": "PGTM", "station": "GHCND:USW00003017", "attributes": ",,W,", "value": 1029}, {"date": "2011-01-05T00:00:00", "datatype": "PRCP", "station": "GHCND:USW00003017", "attributes": ",,X,2400", "value": 0.0}, {"date": "2011-01-05T00:00:00", "datatype": "RHAV", "station": "GHCND:USW00003017", "attributes": ",,W,", "value": 45}, {"date": "2011-01-05T00:00:00", "datatype": "RHMN", "station": "GHCND:USW00003017", "attributes": ",,W,", "value": 35}, {"date": "2011-01-05T00:00:00", "datatype": "RHMX", "station": "GHCND:USW00003017", "attributes": ",,W,", "value": 63}, {"date": "2011-01-05T00:00:00", "datatype": "SNOW", "station": "GHCND:USW00003017", "attributes": ",,X,", "value": 0.0}, {"date": "2011-01-05T00:00:00", "datatype": "SNWD", "station": "GHCND:USW00003017", "attributes": ",,X,", "value": 1.0}, {"date": "2011-01-05T00:00:00", "datatype": "TMAX", "station": "GHCND:USW00003017", "attributes": ",,X,2400", "value": 43.0}, {"date": "2011-01-05T00:00:00", "datatype": "TMIN", "station": "GHCND:USW00003017", "attributes": ",,X,2400", "value": 20.0}, {"date": "2011-01-05T00:00:00", "datatype": "WDF2", "station": "GHCND:USW00003017", "attributes": ",,X,", "value": 280}, {"date": "2011-01-05T00:00:00", "datatype": "WDF5", "station": "GHCND:USW00003017", "attributes": ",,X,", "value": 290}, {"date": "2011-01-05T00:00:00", "datatype": "WSF2", "station": "GHCND:USW00003017", "attributes": ",,X,", "value": 21.0}, {"date": "2011-01-05T00:00:00", "datatype": "WSF5", "station": "GHCND:USW00003017", "attributes": ",,X,", "value": 28.0}, {"date": "2011-01-06T00:00:00", "datatype": "ADPT", "station": "GHCND:USW00003017", "attributes": ",,W,", "value": -83}, {"date": "2011-01-06T00:00:00", "datatype": "ASLP", "station": "GHCND:USW00003017", "attributes": ",,W,", "value": 10159}, {"date": "2011-01-06T00:00:00", "datatype": "ASTP", "station": "GHCND:USW00003017", "attributes": ",,W,", "value": 8320}, {"date": "2011-01-06T00:00:00", "datatype": "AWBT", "station": "GHCND:USW00003017", "attributes": ",,W,", "value": -6}, {"date": "2011-01-06T00:00:00", "datatype": "AWND", "station": "GHCND:USW00003017", "attributes": ",,W,", "value": 10.5}, {"date": "2011-01-06T00:00:00", "datatype": "FMTM", "station": "GHCND:USW00003017", "attributes": ",,X,", "value": 1414}, {"date": "2011-01-06T00:00:00", "datatype": "PGTM", "station": "GHCND:USW00003017", "attributes": ",,W,", "value": 1413}, {"date": "2011-01-06T00:00:00", "datatype": "PRCP", "station": "GHCND:USW00003017", "attributes": ",,X,2400", "value": 0.0}, {"date": "2011-01-06T00:00:00", "datatype": "RHAV", "station": "GHCND:USW00003017", "attributes": ",,W,", "value": 41}, {"date": "2011-01-06T00:00:00", "datatype": "RHMN", "station": "GHCND:USW00003017", "attributes": ",,W,", "value": 28}, {"date": "2011-01-06T00:00:00", "datatype": "RHMX", "station": "GHCND:USW00003017", "attributes": ",,W,", "value": 58}, {"date": "2011-01-06T00:00:00", "datatype": "SNOW", "station": "GHCND:USW00003017", "attributes": ",,X,", "value": 0.0}, {"date": "2011-01-06T00:00:00", "datatype": "SNWD", "station": "GHCND:USW00003017", "attributes": "T,,X,", "value": 0.0}, {"date": "2011-01-06T00:00:00", "datatype": "TMAX", "station": "GHCND:USW00003017", "attributes": ",,X,2400", "value": 54.0}, {"date": "2011-01-06T00:00:00", "datatype": "TMIN", "station": "GHCND:USW00003017", "attributes": ",,X,2400", "value": 24.0}, {"date": "2011-01-06T00:00:00", "datatype": "WDF2", "station": "GHCND:USW00003017", "attributes": ",,X,", "value": 290}, {"date": "2011-01-06T00:00:00", "datatype": "WDF5", "station": "GHCND:USW00003017", "attributes": ",,X,", "value": 280}, {"date": "2011-01-06T00:00:00", "datatype": "WSF2", "station": "GHCND:USW00003017", "attributes": ",,X,", "value": 19.9}, {"date": "2011-01-06T00:00:00", "datatype": "WSF5", "station": "GHCND:USW00003017", "attributes": ",,X,", "value": 25.1}, {"date": "2011-01-07T00:00:00", "datatype": "ADPT", "station": "GHCND:USW00003017", "attributes": ",,W,", "value": -50}, {"date": "2011-01-07T00:00:00", "datatype": "ASLP", "station": "GHCND:USW00003017", "attributes": ",,W,", "value": 10132}, {"date": "2011-01-07T00:00:00", "datatype": "ASTP", "station": "GHCND:USW00003017", "attributes": ",,W,", "value": 8297}, {"date": "2011-01-07T00:00:00", "datatype": "AWBT", "station": "GHCND:USW00003017", "attributes": ",,W,", "value": -17}, {"date": "2011-01-07T00:00:00", "datatype": "AWND", "station": "GHCND:USW00003017", "attributes": ",,W,", "value": 9.6}, {"date": "2011-01-07T00:00:00", "datatype": "FMTM", "station": "GHCND:USW00003017", "attributes": ",,X,", "value": 1504}, {"date": "2011-01-07T00:00:00", "datatype": "PGTM", "station": "GHCND:USW00003017", "attributes": ",,W,", "value": 421}, {"date": "2011-01-07T00:00:00", "datatype": "PRCP", "station": "GHCND:USW00003017", "attributes": ",,X,2400", "value": 0.0}, {"date": "2011-01-07T00:00:00", "datatype": "RHAV", "station": "GHCND:USW00003017", "attributes": ",,W,", "value": 67}, {"date": "2011-01-07T00:00:00", "datatype": "RHMN", "station": "GHCND:USW00003017", "attributes": ",,W,", "value": 48}, {"date": "2011-01-07T00:00:00", "datatype": "RHMX", "station": "GHCND:USW00003017", "attributes": ",,W,", "value": 85}, {"date": "2011-01-07T00:00:00", "datatype": "SNOW", "station": "GHCND:USW00003017", "attributes": ",,X,", "value": 0.0}, {"date": "2011-01-07T00:00:00", "datatype": "SNWD", "station": "GHCND:USW00003017", "attributes": "T,,X,", "value": 0.0}, {"date": "2011-01-07T00:00:00", "datatype": "TMAX", "station": "GHCND:USW00003017", "attributes": ",,X,2400", "value": 40.0}, {"date": "2011-01-07T00:00:00", "datatype": "TMIN", "station": "GHCND:USW00003017", "attributes": ",,X,2400", "value": 25.0}, {"date": "2011-01-07T00:00:00", "datatype": "WDF2", "station": "GHCND:USW00003017", "attributes": ",,X,", "value": 90}, {"date": "2011-01-07T00:00:00", "datatype": "WDF5", "station": "GHCND:USW00003017", "attributes": ",,X,", "value": 260}, {"date": "2011-01-07T00:00:00", "datatype": "WSF2", "station": "GHCND:USW00003017", "attributes": ",,X,", "value": 15.0}, {"date": "2011-01-07T00:00:00", "datatype": "WSF5", "station": "GHCND:USW00003017", "attributes": ",,X,", "value": 17.9}, {"date": "2011-01-08T00:00:00", "datatype": "ADPT", "station": "GHCND:USW00003017", "attributes": ",,W,", "value": -39}, {"date": "2011-01-08T00:00:00", "datatype": "ASLP", "station": "GHCND:USW00003017", "attributes": ",,W,", "value": 10041}, {"date": "2011-01-08T00:00:00", "datatype": "ASTP", "station": "GHCND:USW00003017", "attributes": ",,W,", "value": 8209}, {"date": "2011-01-08T00:00:00", "datatype": "AWBT", "station": "GHCND:USW00003017", "attributes": ",,W,", "value": -11}, {"date": "2011-01-08T00:00:00", "datatype": "AWND", "station": "GHCND:USW00003017", "attributes": ",,W,", "value": 5.4}, {"date": "2011-01-08T00:00:00", "datatype": "FMTM", "station": "GHCND:USW00003017", "attributes": ",,X,", "value": 1339}, {"date": "2011-01-08T00:00:00", "datatype": "PGTM", "station": "GHCND:USW00003017", "attributes": ",,W,", "value": 1329}, {"date": "2011-01-08T00:00:00", "datatype": "PRCP", "station": "GHCND:USW00003017", "attributes": "T,,X,2400", "value": 0.0}, {"date": "2011-01-08T00:00:00", "datatype": "RHAV", "station": "GHCND:USW00003017", "attributes": ",,W,", "value": 73}, {"date": "2011-01-08T00:00:00", "datatype": "RHMN", "station": "GHCND:USW00003017", "attributes": ",,W,", "value": 36}, {"date": "2011-01-08T00:00:00", "datatype": "RHMX", "station": "GHCND:USW00003017", "attributes": ",,W,", "value": 89}, {"date": "2011-01-08T00:00:00", "datatype": "SNOW", "station": "GHCND:USW00003017", "attributes": ",,X,", "value": 0.0}, {"date": "2011-01-08T00:00:00", "datatype": "SNWD", "station": "GHCND:USW00003017", "attributes": "T,,X,", "value": 0.0}, {"date": "2011-01-08T00:00:00", "datatype": "TMAX", "station": "GHCND:USW00003017", "attributes": ",,X,2400", "value": 51.0}, {"date": "2011-01-08T00:00:00", "datatype": "TMIN", "station": "GHCND:USW00003017", "attributes": ",,X,2400", "value": 19.0}, {"date": "2011-01-08T00:00:00", "datatype": "WDF2", "station": "GHCND:USW00003017", "attributes": ",,X,", "value": 10}, {"date": "2011-01-08T00:00:00", "datatype": "WDF5", "station": "GHCND:USW00003017", "attributes": ",,X,", "value": 30}, {"date": "2011-01-08T00:00:00", "datatype": "WSF2", "station": "GHCND:USW00003017", "attributes": ",,X,", "value": 13.0}, {"date": "2011-01-08T00:00:00", "datatype": "WSF5", "station": "GHCND:USW00003017", "attributes": ",,X,", "value": 15.0}, {"date": "2011-01-08T00:00:00", "datatype": "WT01", "station": "GHCND:USW00003017", "attributes": ",,W,", "value": 1}, {"date": "2011-01-08T00:00:00", "datatype": "WT08", "station": "GHCND:USW00003017", "attributes": ",,W,", "value": 1}, {"date": "2011-01-08T00:00:00", "datatype": "WT13", "station": "GHCND:USW00003017", "attributes": ",,X,", "value": 1}, {"date": "2011-01-08T00:00:00", "datatype": "WT16", "station": "GHCND:USW00003017", "attributes": ",,X,", "value": 1}, {"date": "2011-01-09T00:00:00", "datatype": "ADPT", "station": "GHCND:USW00003017", "attributes": ",,W,", "value": -72}, {"date": "2011-01-09T00:00:00", "datatype": "ASLP", "station": "GHCND:USW00003017", "attributes": ",,W,", "value": 10095}, {"date": "2011-01-09T00:00:00", "datatype": "ASTP", "station": "GHCND:USW00003017", "attributes": ",,W,", "value": 8253}, {"date": "2011-01-09T00:00:00", "datatype": "AWBT", "station": "GHCND:USW00003017", "attributes": ",,W,", "value": -61}, {"date": "2011-01-09T00:00:00", "datatype": "AWND", "station": "GHCND:USW00003017", "attributes": ",,W,", "value": 9.4}, {"date": "2011-01-09T00:00:00", "datatype": "FMTM", "station": "GHCND:USW00003017", "attributes": ",,X,", "value": 546}, {"date": "2011-01-09T00:00:00", "datatype": "PGTM", "station": "GHCND:USW00003017", "attributes": ",,W,", "value": 542}, {"date": "2011-01-09T00:00:00", "datatype": "PRCP", "station": "GHCND:USW00003017", "attributes": ",,X,2400", "value": 0.43}, {"date": "2011-01-09T00:00:00", "datatype": "RHAV", "station": "GHCND:USW00003017", "attributes": ",,W,", "value": 86}, {"date": "2011-01-09T00:00:00", "datatype": "RHMN", "station": "GHCND:USW00003017", "attributes": ",,W,", "value": 80}, {"date": "2011-01-09T00:00:00", "datatype": "RHMX", "station": "GHCND:USW00003017", "attributes": ",,W,", "value": 92}, {"date": "2011-01-09T00:00:00", "datatype": "SNOW", "station": "GHCND:USW00003017", "attributes": ",,Z,", "value": 6.5}, {"date": "2011-01-09T00:00:00", "datatype": "SNWD", "station": "GHCND:USW00003017", "attributes": "T,,X,", "value": 0.0}, {"date": "2011-01-09T00:00:00", "datatype": "TMAX", "station": "GHCND:USW00003017", "attributes": ",,X,2400", "value": 37.0}, {"date": "2011-01-09T00:00:00", "datatype": "TMIN", "station": "GHCND:USW00003017", "attributes": ",,X,2400", "value": 12.0}, {"date": "2011-01-09T00:00:00", "datatype": "WDF2", "station": "GHCND:USW00003017", "attributes": ",,X,", "value": 40}, {"date": "2011-01-09T00:00:00", "datatype": "WDF5", "station": "GHCND:USW00003017", "attributes": ",,X,", "value": 40}, {"date": "2011-01-09T00:00:00", "datatype": "WSF2", "station": "GHCND:USW00003017", "attributes": ",,X,", "value": 19.9}, {"date": "2011-01-09T00:00:00", "datatype": "WSF5", "station": "GHCND:USW00003017", "attributes": ",,X,", "value": 25.9}, {"date": "2011-01-09T00:00:00", "datatype": "WT01", "station": "GHCND:USW00003017", "attributes": ",,W,", "value": 1}, {"date": "2011-01-09T00:00:00", "datatype": "WT02", "station": "GHCND:USW00003017", "attributes": ",,X,", "value": 1}, {"date": "2011-01-09T00:00:00", "datatype": "WT16", "station": "GHCND:USW00003017", "attributes": ",,X,", "value": 1}, {"date": "2011-01-09T00:00:00", "datatype": "WT17", "station": "GHCND:USW00003017", "attributes": ",,X,", "value": 1}, {"date": "2011-01-09T00:00:00", "datatype": "WT18", "station": "GHCND:USW00003017", "attributes": ",,X,", "value": 1}, {"date": "2011-01-10T00:00:00", "datatype": "ADPT", "station": "GHCND:USW00003017", "attributes": ",,W,", "value": -178}, {"date": "2011-01-10T00:00:00", "datatype": "ASLP", "station": "GHCND:USW00003017", "attributes": ",,W,", "value": 10257}, {"date": "2011-01-10T00:00:00", "datatype": "ASTP", "station": "GHCND:USW00003017", "attributes": ",,W,", "value": 8344}, {"date": "2011-01-10T00:00:00", "datatype": "AWBT", "station": "GHCND:USW00003017", "attributes": ",,W,", "value": -156}, {"date": "2011-01-10T00:00:00", "datatype": "AWND", "station": "GHCND:USW00003017", "attributes": ",,W,", "value": 8.7}, {"date": "2011-01-10T00:00:00", "datatype": "FMTM", "station": "GHCND:USW00003017", "attributes": ",,X,", "value": 2237}, {"date": "2011-01-10T00:00:00", "datatype": "PGTM", "station": "GHCND:USW00003017", "attributes": ",,W,", "value": 2234}, {"date": "2011-01-10T00:00:00", "datatype": "PRCP", "station": "GHCND:USW00003017", "attributes": ",,X,2400", "value": 0.08}, {"date": "2011-01-10T00:00:00", "datatype": "RHAV", "station": "GHCND:USW00003017", "attributes": ",,W,", "value": 72}, {"date": "2011-01-10T00:00:00", "datatype": "RHMN", "station": "GHCND:USW00003017", "attributes": ",,W,", "value": 57}, {"date": "2011-01-10T00:00:00", "datatype": "RHMX", "station": "GHCND:USW00003017", "attributes": ",,W,", "value": 88}, {"date": "2011-01-10T00:00:00", "datatype": "SNOW", "station": "GHCND:USW00003017", "attributes": ",,Z,", "value": 0.3}, {"date": "2011-01-10T00:00:00", "datatype": "SNWD", "station": "GHCND:USW00003017", "attributes": ",,X,", "value": 7.0}, {"date": "2011-01-10T00:00:00", "datatype": "TMAX", "station": "GHCND:USW00003017", "attributes": ",,X,2400", "value": 12.0}, {"date": "2011-01-10T00:00:00", "datatype": "TMIN", "station": "GHCND:USW00003017", "attributes": ",,X,2400", "value": -3.0}, {"date": "2011-01-10T00:00:00", "datatype": "WDF2", "station": "GHCND:USW00003017", "attributes": ",,X,", "value": 220}, {"date": "2011-01-10T00:00:00", "datatype": "WDF5", "station": "GHCND:USW00003017", "attributes": ",,X,", "value": 220}, {"date": "2011-01-10T00:00:00", "datatype": "WSF2", "station": "GHCND:USW00003017", "attributes": ",,X,", "value": 17.9}, {"date": "2011-01-10T00:00:00", "datatype": "WSF5", "station": "GHCND:USW00003017", "attributes": ",,X,", "value": 23.0}, {"date": "2011-01-10T00:00:00", "datatype": "WT01", "station": "GHCND:USW00003017", "attributes": ",,W,", "value": 1}, {"date": "2011-01-10T00:00:00", "datatype": "WT08", "station": "GHCND:USW00003017", "attributes": ",,W,", "value": 1}, {"date": "2011-01-10T00:00:00", "datatype": "WT13", "station": "GHCND:USW00003017", "attributes": ",,X,", "value": 1}, {"date": "2011-01-10T00:00:00", "datatype": "WT18", "station": "GHCND:USW00003017", "attributes": ",,X,", "value": 1}, {"date": "2011-01-11T00:00:00", "datatype": "ADPT", "station": "GHCND:USW00003017", "attributes": ",,W,", "value": -206}, {"date": "2011-01-11T00:00:00", "datatype": "ASLP", "station": "GHCND:USW00003017", "attributes": ",,W,", "value": 10332}, {"date": "2011-01-11T00:00:00", "datatype": "ASTP", "station": "GHCND:USW00003017", "attributes": ",,W,", "value": 8398}, {"date": "2011-01-11T00:00:00", "datatype": "AWBT", "station": "GHCND:USW00003017", "attributes": ",,W,", "value": -161}, {"date": "2011-01-11T00:00:00", "datatype": "AWND", "station": "GHCND:USW00003017", "attributes": ",,W,", "value": 7.8}, {"date": "2011-01-11T00:00:00", "datatype": "FMTM", "station": "GHCND:USW00003017", "attributes": ",,X,", "value": 232}, {"date": "2011-01-11T00:00:00", "datatype": "PGTM", "station": "GHCND:USW00003017", "attributes": ",,W,", "value": 231}, {"date": "2011-01-11T00:00:00", "datatype": "PRCP", "station": "GHCND:USW00003017", "attributes": ",,X,2400", "value": 0.0}, {"date": "2011-01-11T00:00:00", "datatype": "RHAV", "station": "GHCND:USW00003017", "attributes": ",,W,", "value": 61}, {"date": "2011-01-11T00:00:00", "datatype": "RHMN", "station": "GHCND:USW00003017", "attributes": ",,W,", "value": 40}, {"date": "2011-01-11T00:00:00", "datatype": "RHMX", "station": "GHCND:USW00003017", "attributes": ",,W,", "value": 82}, {"date": "2011-01-11T00:00:00", "datatype": "SNOW", "station": "GHCND:USW00003017", "attributes": ",,X,", "value": 0.0}, {"date": "2011-01-11T00:00:00", "datatype": "SNWD", "station": "GHCND:USW00003017", "attributes": ",,X,", "value": 7.0}, {"date": "2011-01-11T00:00:00", "datatype": "TMAX", "station": "GHCND:USW00003017", "attributes": ",,X,2400", "value": 13.0}, {"date": "2011-01-11T00:00:00", "datatype": "TMIN", "station": "GHCND:USW00003017", "attributes": ",,X,2400", "value": -3.0}, {"date": "2011-01-11T00:00:00", "datatype": "WDF2", "station": "GHCND:USW00003017", "attributes": ",,X,", "value": 240}, {"date": "2011-01-11T00:00:00", "datatype": "WDF5", "station": "GHCND:USW00003017", "attributes": ",,X,", "value": 240}, {"date": "2011-01-11T00:00:00", "datatype": "WSF2", "station": "GHCND:USW00003017", "attributes": ",,X,", "value": 17.0}, {"date": "2011-01-11T00:00:00", "datatype": "WSF5", "station": "GHCND:USW00003017", "attributes": ",,X,", "value": 19.9}, {"date": "2011-01-11T00:00:00", "datatype": "WT01", "station": "GHCND:USW00003017", "attributes": ",,W,", "value": 1}, {"date": "2011-01-11T00:00:00", "datatype": "WT08", "station": "GHCND:USW00003017", "attributes": ",,X,", "value": 1}, {"date": "2011-01-11T00:00:00", "datatype": "WT13", "station": "GHCND:USW00003017", "attributes": ",,X,", "value": 1}, {"date": "2011-01-12T00:00:00", "datatype": "ADPT", "station": "GHCND:USW00003017", "attributes": ",,W,", "value": -150}, {"date": "2011-01-12T00:00:00", "datatype": "ASLP", "station": "GHCND:USW00003017", "attributes": ",,W,", "value": 10318}, {"date": "2011-01-12T00:00:00", "datatype": "ASTP", "station": "GHCND:USW00003017", "attributes": ",,W,", "value": 8385}, {"date": "2011-01-12T00:00:00", "datatype": "AWBT", "station": "GHCND:USW00003017", "attributes": ",,W,", "value": -111}, {"date": "2011-01-12T00:00:00", "datatype": "AWND", "station": "GHCND:USW00003017", "attributes": ",,W,", "value": 6.7}, {"date": "2011-01-12T00:00:00", "datatype": "FMTM", "station": "GHCND:USW00003017", "attributes": ",,X,", "value": 1805}, {"date": "2011-01-12T00:00:00", "datatype": "PGTM", "station": "GHCND:USW00003017", "attributes": ",,W,", "value": 1935}, {"date": "2011-01-12T00:00:00", "datatype": "PRCP", "station": "GHCND:USW00003017", "attributes": ",,X,2400", "value": 0.0}, {"date": "2011-01-12T00:00:00", "datatype": "RHAV", "station": "GHCND:USW00003017", "attributes": ",,W,", "value": 65}, {"date": "2011-01-12T00:00:00", "datatype": "RHMN", "station": "GHCND:USW00003017", "attributes": ",,W,", "value": 49}, {"date": "2011-01-12T00:00:00", "datatype": "RHMX", "station": "GHCND:USW00003017", "attributes": ",,W,", "value": 83}, {"date": "2011-01-12T00:00:00", "datatype": "SNOW", "station": "GHCND:USW00003017", "attributes": ",,X,", "value": 0.0}, {"date": "2011-01-12T00:00:00", "datatype": "SNWD", "station": "GHCND:USW00003017", "attributes": ",,X,", "value": 4.0}, {"date": "2011-01-12T00:00:00", "datatype": "TMAX", "station": "GHCND:USW00003017", "attributes": ",,X,2400", "value": 32.0}, {"date": "2011-01-12T00:00:00", "datatype": "TMIN", "station": "GHCND:USW00003017", "attributes": ",,X,2400", "value": -5.0}, {"date": "2011-01-12T00:00:00", "datatype": "WDF2", "station": "GHCND:USW00003017", "attributes": ",,X,", "value": 220}, {"date": "2011-01-12T00:00:00", "datatype": "WDF5", "station": "GHCND:USW00003017", "attributes": ",,X,", "value": 210}, {"date": "2011-01-12T00:00:00", "datatype": "WSF2", "station": "GHCND:USW00003017", "attributes": ",,X,", "value": 15.0}, {"date": "2011-01-12T00:00:00", "datatype": "WSF5", "station": "GHCND:USW00003017", "attributes": ",,X,", "value": 17.9}, {"date": "2011-01-12T00:00:00", "datatype": "WT01", "station": "GHCND:USW00003017", "attributes": ",,W,", "value": 1}, {"date": "2011-01-12T00:00:00", "datatype": "WT08", "station": "GHCND:USW00003017", "attributes": ",,X,", "value": 1}, {"date": "2011-01-12T00:00:00", "datatype": "WT13", "station": "GHCND:USW00003017", "attributes": ",,X,", "value": 1}, {"date": "2011-01-13T00:00:00", "datatype": "ADPT", "station": "GHCND:USW00003017", "attributes": ",,W,", "value": -56}, {"date": "2011-01-13T00:00:00", "datatype": "ASLP", "station": "GHCND:USW00003017", "attributes": ",,W,", "value": 10207}, {"date": "2011-01-13T00:00:00", "datatype": "ASTP", "station": "GHCND:USW00003017", "attributes": ",,W,", "value": 8347}, {"date": "2011-01-13T00:00:00", "datatype": "AWBT", "station": "GHCND:USW00003017", "attributes": ",,W,", "value": -6}, {"date": "2011-01-13T00:00:00", "datatype": "AWND", "station": "GHCND:USW00003017", "attributes": ",,W,", "value": 10.5}, {"date": "2011-01-13T00:00:00", "datatype": "FMTM", "station": "GHCND:USW00003017", "attributes": ",,X,", "value": 807}, {"date": "2011-01-13T00:00:00", "datatype": "PGTM", "station": "GHCND:USW00003017", "attributes": ",,W,", "value": 806}, {"date": "2011-01-13T00:00:00", "datatype": "PRCP", "station": "GHCND:USW00003017", "attributes": ",,X,2400", "value": 0.0}, {"date": "2011-01-13T00:00:00", "datatype": "RHAV", "station": "GHCND:USW00003017", "attributes": ",,W,", "value": 56}, {"date": "2011-01-13T00:00:00", "datatype": "RHMN", "station": "GHCND:USW00003017", "attributes": ",,W,", "value": 41}, {"date": "2011-01-13T00:00:00", "datatype": "RHMX", "station": "GHCND:USW00003017", "attributes": ",,W,", "value": 70}, {"date": "2011-01-13T00:00:00", "datatype": "SNOW", "station": "GHCND:USW00003017", "attributes": ",,X,", "value": 0.0}, {"date": "2011-01-13T00:00:00", "datatype": "SNWD", "station": "GHCND:USW00003017", "attributes": ",,X,", "value": 4.0}, {"date": "2011-01-13T00:00:00", "datatype": "TMAX", "station": "GHCND:USW00003017", "attributes": ",,X,2400", "value": 49.0}, {"date": "2011-01-13T00:00:00", "datatype": "TMIN", "station": "GHCND:USW00003017", "attributes": ",,X,2400", "value": 25.0}, {"date": "2011-01-13T00:00:00", "datatype": "WDF2", "station": "GHCND:USW00003017", "attributes": ",,X,", "value": 210}, {"date": "2011-01-13T00:00:00", "datatype": "WDF5", "station": "GHCND:USW00003017", "attributes": ",,X,", "value": 210}, {"date": "2011-01-13T00:00:00", "datatype": "WSF2", "station": "GHCND:USW00003017", "attributes": ",,X,", "value": 19.9}, {"date": "2011-01-13T00:00:00", "datatype": "WSF5", "station": "GHCND:USW00003017", "attributes": ",,X,", "value": 23.0}, {"date": "2011-01-14T00:00:00", "datatype": "ADPT", "station": "GHCND:USW00003017", "attributes": ",,W,", "value": -50}, {"date": "2011-01-14T00:00:00", "datatype": "ASLP", "station": "GHCND:USW00003017", "attributes": ",,W,", "value": 10210}, {"date": "2011-01-14T00:00:00", "datatype": "ASTP", "station": "GHCND:USW00003017", "attributes": ",,W,", "value": 8364}, {"date": "2011-01-14T00:00:00", "datatype": "AWBT", "station": "GHCND:USW00003017", "attributes": ",,W,", "value": -6}, {"date": "2011-01-14T00:00:00", "datatype": "AWND", "station": "GHCND:USW00003017", "attributes": ",,W,", "value": 8.1}, {"date": "2011-01-14T00:00:00", "datatype": "FMTM", "station": "GHCND:USW00003017", "attributes": ",,X,", "value": 1902}, {"date": "2011-01-14T00:00:00", "datatype": "PGTM", "station": "GHCND:USW00003017", "attributes": ",,W,", "value": 2203}, {"date": "2011-01-14T00:00:00", "datatype": "PRCP", "station": "GHCND:USW00003017", "attributes": ",,X,2400", "value": 0.0}, {"date": "2011-01-14T00:00:00", "datatype": "RHAV", "station": "GHCND:USW00003017", "attributes": ",,W,", "value": 59}, {"date": "2011-01-14T00:00:00", "datatype": "RHMN", "station": "GHCND:USW00003017", "attributes": ",,W,", "value": 30}, {"date": "2011-01-14T00:00:00", "datatype": "RHMX", "station": "GHCND:USW00003017", "attributes": ",,W,", "value": 79}, {"date": "2011-01-14T00:00:00", "datatype": "SNOW", "station": "GHCND:USW00003017", "attributes": ",,X,", "value": 0.0}, {"date": "2011-01-14T00:00:00", "datatype": "SNWD", "station": "GHCND:USW00003017", "attributes": ",,X,", "value": 3.0}, {"date": "2011-01-14T00:00:00", "datatype": "TMAX", "station": "GHCND:USW00003017", "attributes": ",,X,2400", "value": 51.0}, {"date": "2011-01-14T00:00:00", "datatype": "TMIN", "station": "GHCND:USW00003017", "attributes": ",,X,2400", "value": 27.0}, {"date": "2011-01-14T00:00:00", "datatype": "WDF2", "station": "GHCND:USW00003017", "attributes": ",,X,", "value": 170}, {"date": "2011-01-14T00:00:00", "datatype": "WDF5", "station": "GHCND:USW00003017", "attributes": ",,X,", "value": 220}, {"date": "2011-01-14T00:00:00", "datatype": "WSF2", "station": "GHCND:USW00003017", "attributes": ",,X,", "value": 15.0}, {"date": "2011-01-14T00:00:00", "datatype": "WSF5", "station": "GHCND:USW00003017", "attributes": ",,X,", "value": 17.0}, {"date": "2011-01-15T00:00:00", "datatype": "ADPT", "station": "GHCND:USW00003017", "attributes": ",,W,", "value": -56}, {"date": "2011-01-15T00:00:00", "datatype": "ASLP", "station": "GHCND:USW00003017", "attributes": ",,W,", "value": 10196}, {"date": "2011-01-15T00:00:00", "datatype": "ASTP", "station": "GHCND:USW00003017", "attributes": ",,W,", "value": 8351}, {"date": "2011-01-15T00:00:00", "datatype": "AWBT", "station": "GHCND:USW00003017", "attributes": ",,W,", "value": -6}, {"date": "2011-01-15T00:00:00", "datatype": "AWND", "station": "GHCND:USW00003017", "attributes": ",,W,", "value": 8.7}, {"date": "2011-01-15T00:00:00", "datatype": "FMTM", "station": "GHCND:USW00003017", "attributes": ",,X,", "value": 407}, {"date": "2011-01-15T00:00:00", "datatype": "PGTM", "station": "GHCND:USW00003017", "attributes": ",,W,", "value": 1204}, {"date": "2011-01-15T00:00:00", "datatype": "PRCP", "station": "GHCND:USW00003017", "attributes": ",,X,2400", "value": 0.0}, {"date": "2011-01-15T00:00:00", "datatype": "RHAV", "station": "GHCND:USW00003017", "attributes": ",,W,", "value": 56}, {"date": "2011-01-15T00:00:00", "datatype": "RHMN", "station": "GHCND:USW00003017", "attributes": ",,W,", "value": 35}, {"date": "2011-01-15T00:00:00", "datatype": "RHMX", "station": "GHCND:USW00003017", "attributes": ",,W,", "value": 79}, {"date": "2011-01-15T00:00:00", "datatype": "SNOW", "station": "GHCND:USW00003017", "attributes": ",,X,", "value": 0.0}, {"date": "2011-01-15T00:00:00", "datatype": "SNWD", "station": "GHCND:USW00003017", "attributes": ",,X,", "value": 2.0}, {"date": "2011-01-15T00:00:00", "datatype": "TMAX", "station": "GHCND:USW00003017", "attributes": ",,X,2400", "value": 47.0}, {"date": "2011-01-15T00:00:00", "datatype": "TMIN", "station": "GHCND:USW00003017", "attributes": ",,X,2400", "value": 29.0}, {"date": "2011-01-15T00:00:00", "datatype": "WDF2", "station": "GHCND:USW00003017", "attributes": ",,X,", "value": 210}, {"date": "2011-01-15T00:00:00", "datatype": "WDF5", "station": "GHCND:USW00003017", "attributes": ",,X,", "value": 240}, {"date": "2011-01-15T00:00:00", "datatype": "WSF2", "station": "GHCND:USW00003017", "attributes": ",,X,", "value": 15.0}, {"date": "2011-01-15T00:00:00", "datatype": "WSF5", "station": "GHCND:USW00003017", "attributes": ",,X,", "value": 19.9}, {"date": "2011-01-16T00:00:00", "datatype": "ADPT", "station": "GHCND:USW00003017", "attributes": ",,W,", "value": -50}, {"date": "2011-01-16T00:00:00", "datatype": "ASLP", "station": "GHCND:USW00003017", "attributes": ",,W,", "value": 10102}, {"date": "2011-01-16T00:00:00", "datatype": "ASTP", "station": "GHCND:USW00003017", "attributes": ",,W,", "value": 8273}, {"date": "2011-01-16T00:00:00", "datatype": "AWBT", "station": "GHCND:USW00003017", "attributes": ",,W,", "value": 6}, {"date": "2011-01-16T00:00:00", "datatype": "AWND", "station": "GHCND:USW00003017", "attributes": ",,W,", "value": 11.2}, {"date": "2011-01-16T00:00:00", "datatype": "FMTM", "station": "GHCND:USW00003017", "attributes": ",,X,", "value": 1536}, {"date": "2011-01-16T00:00:00", "datatype": "PGTM", "station": "GHCND:USW00003017", "attributes": ",,W,", "value": 1328}, {"date": "2011-01-16T00:00:00", "datatype": "PRCP", "station": "GHCND:USW00003017", "attributes": ",,X,2400", "value": 0.0}, {"date": "2011-01-16T00:00:00", "datatype": "RHAV", "station": "GHCND:USW00003017", "attributes": ",,W,", "value": 52}, {"date": "2011-01-16T00:00:00", "datatype": "RHMN", "station": "GHCND:USW00003017", "attributes": ",,W,", "value": 35}, {"date": "2011-01-16T00:00:00", "datatype": "RHMX", "station": "GHCND:USW00003017", "attributes": ",,W,", "value": 75}, {"date": "2011-01-16T00:00:00", "datatype": "SNOW", "station": "GHCND:USW00003017", "attributes": ",,X,", "value": 0.0}, {"date": "2011-01-16T00:00:00", "datatype": "SNWD", "station": "GHCND:USW00003017", "attributes": ",,X,", "value": 2.0}, {"date": "2011-01-16T00:00:00", "datatype": "TMAX", "station": "GHCND:USW00003017", "attributes": ",,X,2400", "value": 51.0}, {"date": "2011-01-16T00:00:00", "datatype": "TMIN", "station": "GHCND:USW00003017", "attributes": ",,X,2400", "value": 25.0}, {"date": "2011-01-16T00:00:00", "datatype": "WDF2", "station": "GHCND:USW00003017", "attributes": ",,X,", "value": 270}, {"date": "2011-01-16T00:00:00", "datatype": "WDF5", "station": "GHCND:USW00003017", "attributes": ",,X,", "value": 270}, {"date": "2011-01-16T00:00:00", "datatype": "WSF2", "station": "GHCND:USW00003017", "attributes": ",,X,", "value": 21.9}, {"date": "2011-01-16T00:00:00", "datatype": "WSF5", "station": "GHCND:USW00003017", "attributes": ",,X,", "value": 29.1}, {"date": "2011-01-17T00:00:00", "datatype": "ADPT", "station": "GHCND:USW00003017", "attributes": ",,W,", "value": -17}, {"date": "2011-01-17T00:00:00", "datatype": "ASLP", "station": "GHCND:USW00003017", "attributes": ",,W,", "value": 10041}, {"date": "2011-01-17T00:00:00", "datatype": "ASTP", "station": "GHCND:USW00003017", "attributes": ",,W,", "value": 8242}, {"date": "2011-01-17T00:00:00", "datatype": "AWBT", "station": "GHCND:USW00003017", "attributes": ",,W,", "value": 33}, {"date": "2011-01-17T00:00:00", "datatype": "AWND", "station": "GHCND:USW00003017", "attributes": ",,W,", "value": 8.7}, {"date": "2011-01-17T00:00:00", "datatype": "FMTM", "station": "GHCND:USW00003017", "attributes": ",,X,", "value": 203}, {"date": "2011-01-17T00:00:00", "datatype": "PGTM", "station": "GHCND:USW00003017", "attributes": ",,W,", "value": 228}, {"date": "2011-01-17T00:00:00", "datatype": "PRCP", "station": "GHCND:USW00003017", "attributes": ",,X,2400", "value": 0.01}, {"date": "2011-01-17T00:00:00", "datatype": "RHAV", "station": "GHCND:USW00003017", "attributes": ",,W,", "value": 54}, {"date": "2011-01-17T00:00:00", "datatype": "RHMN", "station": "GHCND:USW00003017", "attributes": ",,W,", "value": 34}, {"date": "2011-01-17T00:00:00", "datatype": "RHMX", "station": "GHCND:USW00003017", "attributes": ",,W,", "value": 79}, {"date": "2011-01-17T00:00:00", "datatype": "SNOW", "station": "GHCND:USW00003017", "attributes": ",,X,", "value": 0.0}, {"date": "2011-01-17T00:00:00", "datatype": "SNWD", "station": "GHCND:USW00003017", "attributes": ",,X,", "value": 2.0}, {"date": "2011-01-17T00:00:00", "datatype": "TMAX", "station": "GHCND:USW00003017", "attributes": ",,X,2400", "value": 57.0}, {"date": "2011-01-17T00:00:00", "datatype": "TMIN", "station": "GHCND:USW00003017", "attributes": ",,X,2400", "value": 38.0}, {"date": "2011-01-17T00:00:00", "datatype": "WDF2", "station": "GHCND:USW00003017", "attributes": ",,X,", "value": 290}, {"date": "2011-01-17T00:00:00", "datatype": "WDF5", "station": "GHCND:USW00003017", "attributes": ",,X,", "value": 280}, {"date": "2011-01-17T00:00:00", "datatype": "WSF2", "station": "GHCND:USW00003017", "attributes": ",,X,", "value": 23.0}, {"date": "2011-01-17T00:00:00", "datatype": "WSF5", "station": "GHCND:USW00003017", "attributes": ",,X,", "value": 30.0}, {"date": "2011-01-17T00:00:00", "datatype": "WT16", "station": "GHCND:USW00003017", "attributes": ",,X,", "value": 1}, {"date": "2011-01-18T00:00:00", "datatype": "ADPT", "station": "GHCND:USW00003017", "attributes": ",,W,", "value": -61}, {"date": "2011-01-18T00:00:00", "datatype": "ASLP", "station": "GHCND:USW00003017", "attributes": ",,W,", "value": 10108}, {"date": "2011-01-18T00:00:00", "datatype": "ASTP", "station": "GHCND:USW00003017", "attributes": ",,W,", "value": 8286}, {"date": "2011-01-18T00:00:00", "datatype": "AWBT", "station": "GHCND:USW00003017", "attributes": ",,W,", "value": 0}, {"date": "2011-01-18T00:00:00", "datatype": "AWND", "station": "GHCND:USW00003017", "attributes": ",,W,", "value": 7.8}, {"date": "2011-01-18T00:00:00", "datatype": "FMTM", "station": "GHCND:USW00003017", "attributes": ",,X,", "value": 1536}, {"date": "2011-01-18T00:00:00", "datatype": "PGTM", "station": "GHCND:USW00003017", "attributes": ",,W,", "value": 1525}, {"date": "2011-01-18T00:00:00", "datatype": "PRCP", "station": "GHCND:USW00003017", "attributes": ",,X,2400", "value": 0.0}, {"date": "2011-01-18T00:00:00", "datatype": "RHAV", "station": "GHCND:USW00003017", "attributes": ",,W,", "value": 53}, {"date": "2011-01-18T00:00:00", "datatype": "RHMN", "station": "GHCND:USW00003017", "attributes": ",,W,", "value": 28}, {"date": "2011-01-18T00:00:00", "datatype": "RHMX", "station": "GHCND:USW00003017", "attributes": ",,W,", "value": 88}, {"date": "2011-01-18T00:00:00", "datatype": "SNOW", "station": "GHCND:USW00003017", "attributes": ",,X,", "value": 0.0}, {"date": "2011-01-18T00:00:00", "datatype": "SNWD", "station": "GHCND:USW00003017", "attributes": "T,,X,", "value": 0.0}, {"date": "2011-01-18T00:00:00", "datatype": "TMAX", "station": "GHCND:USW00003017", "attributes": ",,X,2400", "value": 50.0}, {"date": "2011-01-18T00:00:00", "datatype": "TMIN", "station": "GHCND:USW00003017", "attributes": ",,X,2400", "value": 28.0}, {"date": "2011-01-18T00:00:00", "datatype": "WDF2", "station": "GHCND:USW00003017", "attributes": ",,X,", "value": 350}, {"date": "2011-01-18T00:00:00", "datatype": "WDF5", "station": "GHCND:USW00003017", "attributes": ",,X,", "value": 340}, {"date": "2011-01-18T00:00:00", "datatype": "WSF2", "station": "GHCND:USW00003017", "attributes": ",,X,", "value": 17.0}, {"date": "2011-01-18T00:00:00", "datatype": "WSF5", "station": "GHCND:USW00003017", "attributes": ",,X,", "value": 21.9}, {"date": "2011-01-19T00:00:00", "datatype": "ADPT", "station": "GHCND:USW00003017", "attributes": ",,W,", "value": -78}, {"date": "2011-01-19T00:00:00", "datatype": "ASLP", "station": "GHCND:USW00003017", "attributes": ",,W,", "value": 10129}, {"date": "2011-01-19T00:00:00", "datatype": "ASTP", "station": "GHCND:USW00003017", "attributes": ",,W,", "value": 8286}, {"date": "2011-01-19T00:00:00", "datatype": "AWBT", "station": "GHCND:USW00003017", "attributes": ",,W,", "value": -56}, {"date": "2011-01-19T00:00:00", "datatype": "AWND", "station": "GHCND:USW00003017", "attributes": ",,W,", "value": 9.2}, {"date": "2011-01-19T00:00:00", "datatype": "FMTM", "station": "GHCND:USW00003017", "attributes": ",,X,", "value": 1422}, {"date": "2011-01-19T00:00:00", "datatype": "PGTM", "station": "GHCND:USW00003017", "attributes": ",,W,", "value": 1421}, {"date": "2011-01-19T00:00:00", "datatype": "PRCP", "station": "GHCND:USW00003017", "attributes": ",,X,2400", "value": 0.04}, {"date": "2011-01-19T00:00:00", "datatype": "RHAV", "station": "GHCND:USW00003017", "attributes": ",,W,", "value": 80}, {"date": "2011-01-19T00:00:00", "datatype": "RHMN", "station": "GHCND:USW00003017", "attributes": ",,W,", "value": 53}, {"date": "2011-01-19T00:00:00", "datatype": "RHMX", "station": "GHCND:USW00003017", "attributes": ",,W,", "value": 92}, {"date": "2011-01-19T00:00:00", "datatype": "SNOW", "station": "GHCND:USW00003017", "attributes": ",,X,", "value": 0.5}, {"date": "2011-01-19T00:00:00", "datatype": "SNWD", "station": "GHCND:USW00003017", "attributes": "T,,X,", "value": 0.0}, {"date": "2011-01-19T00:00:00", "datatype": "TMAX", "station": "GHCND:USW00003017", "attributes": ",,X,2400", "value": 41.0}, {"date": "2011-01-19T00:00:00", "datatype": "TMIN", "station": "GHCND:USW00003017", "attributes": ",,X,2400", "value": 12.0}, {"date": "2011-01-19T00:00:00", "datatype": "WDF2", "station": "GHCND:USW00003017", "attributes": ",,X,", "value": 10}, {"date": "2011-01-19T00:00:00", "datatype": "WDF5", "station": "GHCND:USW00003017", "attributes": ",,X,", "value": 10}, {"date": "2011-01-19T00:00:00", "datatype": "WSF2", "station": "GHCND:USW00003017", "attributes": ",,X,", "value": 36.0}, {"date": "2011-01-19T00:00:00", "datatype": "WSF5", "station": "GHCND:USW00003017", "attributes": ",,X,", "value": 44.1}, {"date": "2011-01-19T00:00:00", "datatype": "WT01", "station": "GHCND:USW00003017", "attributes": ",,W,", "value": 1}, {"date": "2011-01-19T00:00:00", "datatype": "WT02", "station": "GHCND:USW00003017", "attributes": ",,X,", "value": 1}, {"date": "2011-01-19T00:00:00", "datatype": "WT08", "station": "GHCND:USW00003017", "attributes": ",,W,", "value": 1}, {"date": "2011-01-19T00:00:00", "datatype": "WT13", "station": "GHCND:USW00003017", "attributes": ",,X,", "value": 1}, {"date": "2011-01-19T00:00:00", "datatype": "WT18", "station": "GHCND:USW00003017", "attributes": ",,X,", "value": 1}, {"date": "2011-01-19T00:00:00", "datatype": "WT22", "station": "GHCND:USW00003017", "attributes": ",,X,", "value": 1}, {"date": "2011-01-20T00:00:00", "datatype": "ADPT", "station": "GHCND:USW00003017", "attributes": ",,W,", "value": -106}, {"date": "2011-01-20T00:00:00", "datatype": "ASLP", "station": "GHCND:USW00003017", "attributes": ",,W,", "value": 10203}, {"date": "2011-01-20T00:00:00", "datatype": "ASTP", "station": "GHCND:USW00003017", "attributes": ",,W,", "value": 8317}, {"date": "2011-01-20T00:00:00", "datatype": "AWBT", "station": "GHCND:USW00003017", "attributes": ",,W,", "value": -67}, {"date": "2011-01-20T00:00:00", "datatype": "AWND", "station": "GHCND:USW00003017", "attributes": ",,W,", "value": 8.3}, {"date": "2011-01-20T00:00:00", "datatype": "FMTM", "station": "GHCND:USW00003017", "attributes": ",,X,", "value": 2032}, {"date": "2011-01-20T00:00:00", "datatype": "PGTM", "station": "GHCND:USW00003017", "attributes": ",,W,", "value": 2032}, {"date": "2011-01-20T00:00:00", "datatype": "PRCP", "station": "GHCND:USW00003017", "attributes": ",,X,2400", "value": 0.0}, {"date": "2011-01-20T00:00:00", "datatype": "RHAV", "station": "GHCND:USW00003017", "attributes": ",,W,", "value": 63}, {"date": "2011-01-20T00:00:00", "datatype": "RHMN", "station": "GHCND:USW00003017", "attributes": ",,W,", "value": 36}, {"date": "2011-01-20T00:00:00", "datatype": "RHMX", "station": "GHCND:USW00003017", "attributes": ",,W,", "value": 81}, {"date": "2011-01-20T00:00:00", "datatype": "SNOW", "station": "GHCND:USW00003017", "attributes": ",,X,", "value": 0.0}, {"date": "2011-01-20T00:00:00", "datatype": "SNWD", "station": "GHCND:USW00003017", "attributes": "T,,X,", "value": 0.0}, {"date": "2011-01-20T00:00:00", "datatype": "TMAX", "station": "GHCND:USW00003017", "attributes": ",,X,2400", "value": 39.0}, {"date": "2011-01-20T00:00:00", "datatype": "TMIN", "station": "GHCND:USW00003017", "attributes": ",,X,2400", "value": 6.0}, {"date": "2011-01-20T00:00:00", "datatype": "WDF2", "station": "GHCND:USW00003017", "attributes": ",,X,", "value": 270}, {"date": "2011-01-20T00:00:00", "datatype": "WDF5", "station": "GHCND:USW00003017", "attributes": ",,X,", "value": 280}, {"date": "2011-01-20T00:00:00", "datatype": "WSF2", "station": "GHCND:USW00003017", "attributes": ",,X,", "value": 21.9}, {"date": "2011-01-20T00:00:00", "datatype": "WSF5", "station": "GHCND:USW00003017", "attributes": ",,X,", "value": 28.0}, {"date": "2011-01-21T00:00:00", "datatype": "ADPT", "station": "GHCND:USW00003017", "attributes": ",,W,", "value": -94}, {"date": "2011-01-21T00:00:00", "datatype": "ASLP", "station": "GHCND:USW00003017", "attributes": ",,W,", "value": 10132}, {"date": "2011-01-21T00:00:00", "datatype": "ASTP", "station": "GHCND:USW00003017", "attributes": ",,W,", "value": 8293}, {"date": "2011-01-21T00:00:00", "datatype": "AWBT", "station": "GHCND:USW00003017", "attributes": ",,W,", "value": -28}, {"date": "2011-01-21T00:00:00", "datatype": "AWND", "station": "GHCND:USW00003017", "attributes": ",,W,", "value": 10.1}, {"date": "2011-01-21T00:00:00", "datatype": "FMTM", "station": "GHCND:USW00003017", "attributes": ",,X,", "value": 115}, {"date": "2011-01-21T00:00:00", "datatype": "PGTM", "station": "GHCND:USW00003017", "attributes": ",,W,", "value": 112}, {"date": "2011-01-21T00:00:00", "datatype": "PRCP", "station": "GHCND:USW00003017", "attributes": ",,X,2400", "value": 0.0}, {"date": "2011-01-21T00:00:00", "datatype": "RHAV", "station": "GHCND:USW00003017", "attributes": ",,W,", "value": 46}, {"date": "2011-01-21T00:00:00", "datatype": "RHMN", "station": "GHCND:USW00003017", "attributes": ",,W,", "value": 25}, {"date": "2011-01-21T00:00:00", "datatype": "RHMX", "station": "GHCND:USW00003017", "attributes": ",,W,", "value": 71}, {"date": "2011-01-21T00:00:00", "datatype": "SNOW", "station": "GHCND:USW00003017", "attributes": ",,X,", "value": 0.0}, {"date": "2011-01-21T00:00:00", "datatype": "SNWD", "station": "GHCND:USW00003017", "attributes": "T,,X,", "value": 0.0}, {"date": "2011-01-21T00:00:00", "datatype": "TMAX", "station": "GHCND:USW00003017", "attributes": ",,X,2400", "value": 45.0}, {"date": "2011-01-21T00:00:00", "datatype": "TMIN", "station": "GHCND:USW00003017", "attributes": ",,X,2400", "value": 24.0}, {"date": "2011-01-21T00:00:00", "datatype": "WDF2", "station": "GHCND:USW00003017", "attributes": ",,X,", "value": 270}, {"date": "2011-01-21T00:00:00", "datatype": "WDF5", "station": "GHCND:USW00003017", "attributes": ",,X,", "value": 270}, {"date": "2011-01-21T00:00:00", "datatype": "WSF2", "station": "GHCND:USW00003017", "attributes": ",,X,", "value": 25.9}, {"date": "2011-01-21T00:00:00", "datatype": "WSF5", "station": "GHCND:USW00003017", "attributes": ",,X,", "value": 36.0}]}