{"metadata": {"resultset": {"offset": 1, "count": 708, "limit": 1000}}, "results": [{"date": "2016-12-15T00:00:00", "datatype": "ADPT", "station": "GHCND:USW00003017", "attributes": ",,W,", "value": -89}, {"date": "2016-12-15T00:00:00", "datatype": "ASLP", "station": "GHCND:USW00003017", "attributes": ",,W,", "value": 10098}, {"date": "2016-12-15T00:00:00", "datatype": "ASTP", "station": "GHCND:USW00003017", "attributes": ",,W,", "value": 8239}, {"date": "2016-12-15T00:00:00", "datatype": "AWBT", "station": "GHCND:USW00003017", "attributes": ",,W,", "value": -22}, {"date": "2016-12-15T00:00:00", "datatype": "AWND", "station": "GHCND:USW00003017", "attributes": ",,W,", "value": 7.2}, {"date": "2016-12-15T00:00:00", "datatype": "PRCP", "station": "GHCND:USW00003017", "attributes": ",,W,2400", "value": 0.0}, {"date": "2016-12-15T00:00:00", "datatype": "RHAV", "station": "GHCND:USW00003017", "attributes": ",,W,", "value": 50}, {"date": "2016-12-15T00:00:00", "datatype": "RHMN", "station": "GHCND:USW00003017", "attributes": ",,W,", "value": 22}, {"date": "2016-12-15T00:00:00", "datatype": "RHMX", "station": "GHCND:USW00003017", "attributes": ",,W,", "value": 81}, {"date": "2016-12-15T00:00:00", "datatype": "SNOW", "station": "GHCND:USW00003017", "attributes": ",,W,", "value": 0.0}, {"date": "2016-12-15T00:00:00", "datatype": "SNWD", "station": "GHCND:USW00003017", "attributes": ",,W,", "value": 0.0}, {"date": "2016-12-15T00:00:00", "datatype": "TAVG", "station": "GHCND:USW00003017", "attributes": "H,,S,", "value": 25.0}, {"date": "2016-12-15T00:00:00", "datatype": "TMAX", "station": "GHCND:USW00003017", "attributes": ",,W,2400", "value": 57.0}, {"date": "2016-12-15T00:00:00", "datatype": "TMIN", "station": "GHCND:USW00003017", "attributes": ",,W,2400", "value": 12.0}, {"date": "2016-12-15T00:00:00", "datatype": "WDF2", "station": "GHCND:USW00003017", "attributes": ",,W,", "value": 220}, {"date": "2016-12-15T00:00:00", "datatype": "WDF5", "station": "GHCND:USW00003017", "attributes": ",,W,", "value": 220}, {"date": "2016-12-15T00:00:00", "datatype": "WSF2", "station": "GHCND:USW00003017", "attributes": ",,W,", "value": 21.0}, {"date": "2016-12-15T00:00:00", "datatype": "WSF5", "station": "GHCND:USW00003017", "attributes": ",,W,", "value": 25.1}, {"date": "2016-12-16T00:00:00", "datatype": "ADPT", "station": "GHCND:USW00003017", "attributes": ",,W,", "value": -94}, {"date": "2016-12-16T00:00:00", "datatype": "ASLP", "station": "GHCND:USW00003017", "attributes": ",,W,", "value": 9986}, {"date": "2016-12-16T00:00:00", "datatype": "ASTP", "station": "GHCND:USW00003017", "attributes": ",,W,", "value": 8171}, {"date": "2016-12-16T00:00:00", "datatype": "AWBT", "station": "GHCND:USW00003017", "attributes": ",,W,", "value": -61}, {"date": "2016-12-16T00:00:00", "datatype": "AWND", "station": "GHCND:USW00003017", "attributes": ",,W,", "value": 12.3}, {"date": "2016-12-16T00:00:00", "datatype": "PRCP", "station": "GHCND:USW00003017", "attributes": ",,W,2400", "value": 0.45}, {"date": "2016-12-16T00:00:00", "datatype": "RHAV", "station": "GHCND:USW00003017", "attributes": ",,W,", "value": 68}, {"date": "2016-12-16T00:00:00", "datatype": "RHMN", "station": "GHCND:USW00003017", "attributes": ",,W,", "value": 42}, {"date": "2016-12-16T00:00:00", "datatype": "RHMX", "station": "GHCND:USW00003017", "attributes": ",,W,", "value": 85}, {"date": "2016-12-16T00:00:00", "datatype": "SNOW", "station": "GHCND:USW00003017", "attributes": ",,W,", "value": 4.2}, {"date": "2016-12-16T00:00:00", "datatype": "SNWD", "station": "GHCND:USW00003017", "attributes": ",,W,", "value": 0.0}, {"date": "2016-12-16T00:00:00", "datatype": "TAVG", "station": "GHCND:USW00003017", "attributes": "H,,S,", "value": 37.0}, {"date": "2016-12-16T00:00:00", "datatype": "TMAX", "station": "GHCND:USW00003017", "attributes": ",,W,2400", "value": 50.0}, {"date": "2016-12-16T00:00:00", "datatype": "TMIN", "station": "GHCND:USW00003017", "attributes": ",,W,2400", "value": 4.0}, {"date": "2016-12-16T00:00:00", "datatype": "WDF2", "station": "GHCND:USW00003017", "attributes": ",,W,", "value": 80}, {"date": "2016-12-16T00:00:00", "datatype": "WDF5", "station": "GHCND:USW00003017", "attributes": ",,W,", "value": 80}, {"date": "2016-12-16T00:00:00", "datatype": "WSF2", "station": "GHCND:USW00003017", "attributes": ",,W,", "value": 30.0}, {"date": "2016-12-16T00:00:00", "datatype": "WSF5", "station": "GHCND:USW00003017", "attributes": ",,W,", "value": 34.0}, {"date": "2016-12-16T00:00:00", "datatype": "WT01", "station": "GHCND:USW00003017", "attributes": ",,W,", "value": 1}, {"date": "2016-12-16T00:00:00", "datatype": "WT02", "station": "GHCND:USW00003017", "attributes": ",,W,", "value": 1}, {"date": "2016-12-16T00:00:00", "datatype": "WT08", "station": "GHCND:USW00003017", "attributes": ",,W,", "value": 1}, {"date": "2016-12-17T00:00:00", "datatype": "ADPT", "station": "GHCND:USW00003017", "attributes": ",,W,", "value": -233}, {"date": "2016-12-17T00:00:00", "datatype": "ASLP", "station": "GHCND:USW00003017", "attributes": ",,W,", "value": 10210}, {"date": "2016-12-17T00:00:00", "datatype": "ASTP", "station": "GHCND:USW00003017", "attributes": ",,W,", "value": 8293}, {"date": "2016-12-17T00:00:00", "datatype": "AWBT", "station": "GHCND:USW00003017", "attributes": ",,W,", "value": -200}, {"date": "2016-12-17T00:00:00", "datatype": "AWND", "station": "GHCND:USW00003017", "attributes": ",,W,", "value": 7.8}, {"date": "2016-12-17T00:00:00", "datatype": "PRCP", "station": "GHCND:USW00003017", "attributes": ",,W,2400", "value": 0.18}, {"date": "2016-12-17T00:00:00", "datatype": "RHAV", "station": "GHCND:USW00003017", "attributes": ",,W,", "value": 72}, {"date": "2016-12-17T00:00:00", "datatype": "RHMN", "station": "GHCND:USW00003017", "attributes": ",,W,", "value": 61}, {"date": "2016-12-17T00:00:00", "datatype": "RHMX", "station": "GHCND:USW00003017", "attributes": ",,W,", "value": 83}, {"date": "2016-12-17T00:00:00", "datatype": "SNOW", "station": "GHCND:USW00003017", "attributes": ",,W,", "value": 3.8}, {"date": "2016-12-17T00:00:00", "datatype": "SNWD", "station": "GHCND:USW00003017", "attributes": ",,W,", "value": 7.9}, {"date": "2016-12-17T00:00:00", "datatype": "TAVG", "station": "GHCND:USW00003017", "attributes": "H,,S,", "value": 3.0}, {"date": "2016-12-17T00:00:00", "datatype": "TMAX", "station": "GHCND:USW00003017", "attributes": ",,W,2400", "value": 3.0}, {"date": "2016-12-17T00:00:00", "datatype": "TMIN", "station": "GHCND:USW00003017", "attributes": ",,W,2400", "value": -15.0}, {"date": "2016-12-17T00:00:00", "datatype": "WDF2", "station": "GHCND:USW00003017", "attributes": ",,W,", "value": 30}, {"date": "2016-12-17T00:00:00", "datatype": "WDF5", "station": "GHCND:USW00003017", "attributes": ",,W,", "value": 30}, {"date": "2016-12-17T00:00:00", "datatype": "WSF2", "station": "GHCND:USW00003017", "attributes": ",,W,", "value": 21.0}, {"date": "2016-12-17T00:00:00", "datatype": "WSF5", "station": "GHCND:USW00003017", "attributes": ",,W,", "value": 21.0}, {"date": "2016-12-17T00:00:00", "datatype": "WT01", "station": "GHCND:USW00003017", "attributes": ",,W,", "value": 1}, {"date": "2016-12-17T00:00:00", "datatype": "WT02", "station": "GHCND:USW00003017", "attributes": ",,W,", "value": 1}, {"date": "2016-12-18T00:00:00", "datatype": "ADPT", "station": "GHCND:USW00003017", "attributes": ",,W,", "value": -200}, {"date": "2016-12-18T00:00:00", "datatype": "ASLP", "station": "GHCND:USW00003017", "attributes": ",,W,", "value": 10308}, {"date": "2016-12-18T00:00:00", "datatype": "ASTP", "station": "GHCND:USW00003017", "attributes": ",,W,", "value": 8364}, {"date": "2016-12-18T00:00:00", "datatype": "AWBT", "station": "GHCND:USW00003017", "attributes": ",,W,", "value": -167}, {"date": "2016-12-18T00:00:00", "datatype": "AWND", "station": "GHCND:USW00003017", "attributes": ",,W,", "value": 6.7}, {"date": "2016-12-18T00:00:00", "datatype": "PRCP", "station": "GHCND:USW00003017", "attributes": ",,W,2400", "value": 0.0}, {"date": "2016-12-18T00:00:00", "datatype": "RHAV", "station": "GHCND:USW00003017", "attributes": ",,W,", "value": 65}, {"date": "2016-12-18T00:00:00", "datatype": "RHMN", "station": "GHCND:USW00003017", "attributes": ",,W,", "value": 58}, {"date": "2016-12-18T00:00:00", "datatype": "RHMX", "station": "GHCND:USW00003017", "attributes": ",,W,", "value": 79}, {"date": "2016-12-18T00:00:00", "datatype": "SNOW", "station": "GHCND:USW00003017", "attributes": ",,W,", "value": 0.0}, {"date": "2016-12-18T00:00:00", "datatype": "SNWD", "station": "GHCND:USW00003017", "attributes": ",,W,", "value": 5.9}, {"date": "2016-12-18T00:00:00", "datatype": "TAVG", "station": "GHCND:USW00003017", "attributes": "H,,S,", "value": -1.0}, {"date": "2016-12-18T00:00:00", "datatype": "TMAX", "station": "GHCND:USW00003017", "attributes": ",,W,2400", "value": 17.0}, {"date": "2016-12-18T00:00:00", "datatype": "TMIN", "station": "GHCND:USW00003017", "attributes": ",,W,2400", "value": -10.0}, {"date": "2016-12-18T00:00:00", "datatype": "WDF2", "station": "GHCND:USW00003017", "attributes": ",,W,", "value": 200}, {"date": "2016-12-18T00:00:00", "datatype": "WDF5", "station": "GHCND:USW00003017", "attributes": ",,W,", "value": 200}, {"date": "2016-12-18T00:00:00", "datatype": "WSF2", "station": "GHCND:USW00003017", "attributes": ",,W,", "value": 17.0}, {"date": "2016-12-18T00:00:00", "datatype": "WSF5", "station": "GHCND:USW00003017", "attributes": ",,W,", "value": 18.1}, {"date": "2016-12-19T00:00:00", "datatype": "ADPT", "station": "GHCND:USW00003017", "attributes": ",,W,", "value": -128}, {"date": "2016-12-19T00:00:00", "datatype": "ASLP", "station": "GHCND:USW00003017", "attributes": ",,W,", "value": 10261}, {"date": "2016-12-19T00:00:00", "datatype": "ASTP", "station": "GHCND:USW00003017", "attributes": ",,W,", "value": 8364}, {"date": "2016-12-19T00:00:00", "datatype": "AWBT", "station": "GHCND:USW00003017", "attributes": ",,W,", "value": -56}, {"date": "2016-12-19T00:00:00", "datatype": "AWND", "station": "GHCND:USW00003017", "attributes": ",,W,", "value": 11.6}, {"date": "2016-12-19T00:00:00", "datatype": "PRCP", "station": "GHCND:USW00003017", "attributes": ",,W,2400", "value": 0.0}, {"date": "2016-12-19T00:00:00", "datatype": "RHAV", "station": "GHCND:USW00003017", "attributes": ",,W,", "value": 44}, {"date": "2016-12-19T00:00:00", "datatype": "RHMN", "station": "GHCND:USW00003017", "attributes": ",,W,", "value": 32}, {"date": "2016-12-19T00:00:00", "datatype": "RHMX", "station": "GHCND:USW00003017", "attributes": ",,W,", "value": 63}, {"date": "2016-12-19T00:00:00", "datatype": "SNOW", "station": "GHCND:USW00003017", "attributes": ",,W,", "value": 0.0}, {"date": "2016-12-19T00:00:00", "datatype": "SNWD", "station": "GHCND:USW00003017", "attributes": ",,W,", "value": 5.9}, {"date": "2016-12-19T00:00:00", "datatype": "TAVG", "station": "GHCND:USW00003017", "attributes": "H,,S,", "value": 18.0}, {"date": "2016-12-19T00:00:00", "datatype": "TMAX", "station": "GHCND:USW00003017", "attributes": ",,W,2400", "value": 43.0}, {"date": "2016-12-19T00:00:00", "datatype": "TMIN", "station": "GHCND:USW00003017", "attributes": ",,W,2400", "value": 4.0}, {"date": "2016-12-19T00:00:00", "datatype": "WDF2", "station": "GHCND:USW00003017", "attributes": ",,W,", "value": 240}, {"date": "2016-12-19T00:00:00", "datatype": "WDF5", "station": "GHCND:USW00003017", "attributes": ",,W,", "value": 280}, {"date": "2016-12-19T00:00:00", "datatype": "WSF2", "station": "GHCND:USW00003017", "attributes": ",,W,", "value": 21.0}, {"date": "2016-12-19T00:00:00", "datatype": "WSF5", "station": "GHCND:USW00003017", "attributes": ",,W,", "value": 23.0}, {"date": "2016-12-20T00:00:00", "datatype": "ADPT", "station": "GHCND:USW00003017", "attributes": ",,W,", "value": -56}, {"date": "2016-12-20T00:00:00", "datatype": "ASLP", "station": "GHCND:USW00003017", "attributes": ",,W,", "value": 10190}, {"date": "2016-12-20T00:00:00", "datatype": "ASTP", "station": "GHCND:USW00003017", "attributes": ",,W,", "value": 8354}, {"date": "2016-12-20T00:00:00", "datatype": "AWBT", "station": "GHCND:USW00003017", "attributes": ",,W,", "value": 17}, {"date": "2016-12-20T00:00:00", "datatype": "AWND", "station": "GHCND:USW00003017", "attributes": ",,W,", "value": 12.3}, {"date": "2016-12-20T00:00:00", "datatype": "PRCP", "station": "GHCND:USW00003017", "attributes": ",,W,2400", "value": 0.0}, {"date": "2016-12-20T00:00:00", "datatype": "RHAV", "station": "GHCND:USW00003017", "attributes": ",,W,", "value": 42}, {"date": "2016-12-20T00:00:00", "datatype": "RHMN", "station": "GHCND:USW00003017", "attributes": ",,W,", "value": 31}, {"date": "2016-12-20T00:00:00", "datatype": "RHMX", "station": "GHCND:USW00003017", "attributes": ",,W,", "value": 53}, {"date": "2016-12-20T00:00:00", "datatype": "SNOW", "station": "GHCND:USW00003017", "attributes": ",,W,", "value": 0.0}, {"date": "2016-12-20T00:00:00", "datatype": "SNWD", "station": "GHCND:USW00003017", "attributes": ",,W,", "value": 5.1}, {"date": "2016-12-20T00:00:00", "datatype": "TAVG", "station": "GHCND:USW00003017", "attributes": "H,,S,", "value": 42.0}, {"date": "2016-12-20T00:00:00", "datatype": "TMAX", "station": "GHCND:USW00003017", "attributes": ",,W,2400", "value": 53.0}, {"date": "2016-12-20T00:00:00", "datatype": "TMIN", "station": "GHCND:USW00003017", "attributes": ",,W,2400", "value": 30.0}, {"date": "2016-12-20T00:00:00", "datatype": "WDF2", "station": "GHCND:USW00003017", "attributes": ",,W,", "value": 280}, {"date": "2016-12-20T00:00:00", "datatype": "WDF5", "station": "GHCND:USW00003017", "attributes": ",,W,", "value": 270}, {"date": "2016-12-20T00:00:00", "datatype": "WSF2", "station": "GHCND:USW00003017", "attributes": ",,W,", "value": 29.1}, {"date": "2016-12-20T00:00:00", "datatype": "WSF5", "station": "GHCND:USW00003017", "attributes": ",,W,", "value": 36.9}, {"date": "2016-12-21T00:00:00", "datatype": "ADPT", "station": "GHCND:USW00003017", "attributes": ",,W,", "value": -67}, {"date": "2016-12-21T00:00:00", "datatype": "ASLP", "station": "GHCND:USW00003017", "attributes": ",,W,", "value": 10217}, {"date": "2016-12-21T00:00:00", "datatype": "ASTP", "station": "GHCND:USW00003017", "attributes": ",,W,", "value": 8381}, {"date": "2016-12-21T00:00:00", "datatype": "AWBT", "station": "GHCND:USW00003017", "attributes": ",,W,", "value": -11}, {"date": "2016-12-21T00:00:00", "datatype": "AWND", "station": "GHCND:USW00003017", "attributes": ",,W,", "value": 12.5}, {"date": "2016-12-21T00:00:00", "datatype": "PRCP", "station": "GHCND:USW00003017", "attributes": ",,W,2400", "value": 0.0}, {"date": "2016-12-21T00:00:00", "datatype": "RHAV", "station": "GHCND:USW00003017", "attributes": ",,W,", "value": 55}, {"date": "2016-12-21T00:00:00", "datatype": "RHMN", "station": "GHCND:USW00003017", "attributes": ",,W,", "value": 23}, {"date": "2016-12-21T00:00:00", "datatype": "RHMX", "station": "GHCND:USW00003017", "attributes": ",,W,", "value": 75}, {"date": "2016-12-21T00:00:00", "datatype": "SNOW", "station": "GHCND:USW00003017", "attributes": ",,W,", "value": 0.0}, {"date": "2016-12-21T00:00:00", "datatype": "SNWD", "station": "GHCND:USW00003017", "attributes": ",,W,", "value": 2.0}, {"date": "2016-12-21T00:00:00", "datatype": "TAVG", "station": "GHCND:USW00003017", "attributes": "H,,S,", "value": 41.0}, {"date": "2016-12-21T00:00:00", "datatype": "TMAX", "station": "GHCND:USW00003017", "attributes": ",,W,2400", "value": 53.0}, {"date": "2016-12-21T00:00:00", "datatype": "TMIN", "station": "GHCND:USW00003017", "attributes": ",,W,2400", "value": 26.0}, {"date": "2016-12-21T00:00:00", "datatype": "WDF2", "station": "GHCND:USW00003017", "attributes": ",,W,", "value": 250}, {"date": "2016-12-21T00:00:00", "datatype": "WDF5", "station": "GHCND:USW00003017", "attributes": ",,W,", "value": 240}, {"date": "2016-12-21T00:00:00", "datatype": "WSF2", "station": "GHCND:USW00003017", "attributes": ",,W,", "value": 33.1}, {"date": "2016-12-21T00:00:00", "datatype": "WSF5", "station": "GHCND:USW00003017", "attributes": ",,W,", "value": 42.1}, {"date": "2016-12-22T00:00:00", "datatype": "ADPT", "station": "GHCND:USW00003017", "attributes": ",,W,", "value": -56}, {"date": "2016-12-22T00:00:00", "datatype": "ASLP", "station": "GHCND:USW00003017", "attributes": ",,W,", "value": 10203}, {"date": "2016-12-22T00:00:00", "datatype": "ASTP", "station": "GHCND:USW00003017", "attributes": ",,W,", "value": 8334}, {"date": "2016-12-22T00:00:00", "datatype": "AWBT", "station": "GHCND:USW00003017", "attributes": ",,W,", "value": -28}, {"date": "2016-12-22T00:00:00", "datatype": "AWND", "station": "GHCND:USW00003017", "attributes": ",,W,", "value": 5.4}, {"date": "2016-12-22T00:00:00", "datatype": "PRCP", "station": "GHCND:USW00003017", "attributes": ",,W,2400", "value": 0.0}, {"date": "2016-12-22T00:00:00", "datatype": "RHAV", "station": "GHCND:USW00003017", "attributes": ",,W,", "value": 71}, {"date": "2016-12-22T00:00:00", "datatype": "RHMN", "station": "GHCND:USW00003017", "attributes": ",,W,", "value": 57}, {"date": "2016-12-22T00:00:00", "datatype": "RHMX", "station": "GHCND:USW00003017", "attributes": ",,W,", "value": 81}, {"date": "2016-12-22T00:00:00", "datatype": "SNOW", "station": "GHCND:USW00003017", "attributes": ",,W,", "value": 0.0}, {"date": "2016-12-22T00:00:00", "datatype": "SNWD", "station": "GHCND:USW00003017", "attributes": ",,W,", "value": 2.0}, {"date": "2016-12-22T00:00:00", "datatype": "TAVG", "station": "GHCND:USW00003017", "attributes": "H,,S,", "value": 30.0}, {"date": "2016-12-22T00:00:00", "datatype": "TMAX", "station": "GHCND:USW00003017", "attributes": ",,W,2400", "value": 37.0}, {"date": "2016-12-22T00:00:00", "datatype": "TMIN", "station": "GHCND:USW00003017", "attributes": ",,W,2400", "value": 24.0}, {"date": "2016-12-22T00:00:00", "datatype": "WDF2", "station": "GHCND:USW00003017", "attributes": ",,W,", "value": 330}, {"date": "2016-12-22T00:00:00", "datatype": "WDF5", "station": "GHCND:USW00003017", "attributes": ",,W,", "value": 320}, {"date": "2016-12-22T00:00:00", "datatype": "WSF2", "station": "GHCND:USW00003017", "attributes": ",,W,", "value": 12.1}, {"date": "2016-12-22T00:00:00", "datatype": "WSF5", "station": "GHCND:USW00003017", "attributes": ",,W,", "value": 14.1}, {"date": "2016-12-23T00:00:00", "datatype": "ADPT", "station": "GHCND:USW00003017", "attributes": ",,W,", "value": -39}, {"date": "2016-12-23T00:00:00", "datatype": "ASLP", "station": "GHCND:USW00003017", "attributes": ",,W,", "value": 10102}, {"date": "2016-12-23T00:00:00", "datatype": "ASTP", "station": "GHCND:USW00003017", "attributes": ",,W,", "value": 8270}, {"date": "2016-12-23T00:00:00", "datatype": "AWBT", "station": "GHCND:USW00003017", "attributes": ",,W,", "value": -6}, {"date": "2016-12-23T00:00:00", "datatype": "AWND", "station": "GHCND:USW00003017", "attributes": ",,W,", "value": 8.9}, {"date": "2016-12-23T00:00:00", "datatype": "PRCP", "station": "GHCND:USW00003017", "attributes": ",,W,2400", "value": 0.0}, {"date": "2016-12-23T00:00:00", "datatype": "RHAV", "station": "GHCND:USW00003017", "attributes": ",,W,", "value": 65}, {"date": "2016-12-23T00:00:00", "datatype": "RHMN", "station": "GHCND:USW00003017", "attributes": ",,W,", "value": 38}, {"date": "2016-12-23T00:00:00", "datatype": "RHMX", "station": "GHCND:USW00003017", "attributes": ",,W,", "value": 85}, {"date": "2016-12-23T00:00:00", "datatype": "SNOW", "station": "GHCND:USW00003017", "attributes": ",,W,", "value": 0.0}, {"date": "2016-12-23T00:00:00", "datatype": "SNWD", "station": "GHCND:USW00003017", "attributes": "T,,W,", "value": 0.0}, {"date": "2016-12-23T00:00:00", "datatype": "TAVG", "station": "GHCND:USW00003017", "attributes": "H,,S,", "value": 33.0}, {"date": "2016-12-23T00:00:00", "datatype": "TMAX", "station": "GHCND:USW00003017", "attributes": ",,W,2400", "value": 49.0}, {"date": "2016-12-23T00:00:00", "datatype": "TMIN", "station": "GHCND:USW00003017", "attributes": ",,W,2400", "value": 24.0}, {"date": "2016-12-23T00:00:00", "datatype": "WDF2", "station": "GHCND:USW00003017", "attributes": ",,W,", "value": 180}, {"date": "2016-12-23T00:00:00", "datatype": "WDF5", "station": "GHCND:USW00003017", "attributes": ",,W,", "value": 180}, {"date": "2016-12-23T00:00:00", "datatype": "WSF2", "station": "GHCND:USW00003017", "attributes": ",,W,", "value": 25.9}, {"date": "2016-12-23T00:00:00", "datatype": "WSF5", "station": "GHCND:USW00003017", "attributes": ",,W,", "value": 32.0}, {"date": "2016-12-24T00:00:00", "datatype": "ADPT", "station": "GHCND:USW00003017", "attributes": ",,W,", "value": -44}, {"date": "2016-12-24T00:00:00", "datatype": "ASLP", "station": "GHCND:USW00003017", "attributes": ",,W,", "value": 10061}, {"date": "2016-12-24T00:00:00", "datatype": "ASTP", "station": "GHCND:USW00003017", "attributes": ",,W,", "value": 8232}, {"date": "2016-12-24T00:00:00", "datatype": "AWBT", "station": "GHCND:USW00003017", "attributes": ",,W,", "value": 0}, {"date": "2016-12-24T00:00:00", "datatype": "AWND", "station": "GHCND:USW00003017", "attributes": ",,W,", "value": 8.3}, {"date": "2016-12-24T00:00:00", "datatype": "PRCP", "station": "GHCND:USW00003017", "attributes": ",,W,2400", "value": 0.0}, {"date": "2016-12-24T00:00:00", "datatype": "RHAV", "station": "GHCND:USW00003017", "attributes": ",,W,", "value": 58}, {"date": "2016-12-24T00:00:00", "datatype": "RHMN", "station": "GHCND:USW00003017", "attributes": ",,W,", "value": 29}, {"date": "2016-12-24T00:00:00", "datatype": "RHMX", "station": "GHCND:USW00003017", "attributes": ",,W,", "value": 76}, {"date": "2016-12-24T00:00:00", "datatype": "SNOW", "station": "GHCND:USW00003017", "attributes": ",,W,", "value": 0.0}, {"date": "2016-12-24T00:00:00", "datatype": "SNWD", "station": "GHCND:USW00003017", "attributes": ",,W,", "value": 0.0}, {"date": "2016-12-24T00:00:00", "datatype": "TAVG", "station": "GHCND:USW00003017", "attributes": "H,,S,", "value": 37.0}, {"date": "2016-12-24T00:00:00", "datatype": "TMAX", "station": "GHCND:USW00003017", "attributes": ",,W,2400", "value": 57.0}, {"date": "2016-12-24T00:00:00", "datatype": "TMIN", "station": "GHCND:USW00003017", "attributes": ",,W,2400", "value": 24.0}, {"date": "2016-12-24T00:00:00", "datatype": "WDF2", "station": "GHCND:USW00003017", "attributes": ",,W,", "value": 170}, {"date": "2016-12-24T00:00:00", "datatype": "WDF5", "station": "GHCND:USW00003017", "attributes": ",,W,", "value": 170}, {"date": "2016-12-24T00:00:00", "datatype": "WSF2", "station": "GHCND:USW00003017", "attributes": ",,W,", "value": 21.0}, {"date": "2016-12-24T00:00:00", "datatype": "WSF5", "station": "GHCND:USW00003017", "attributes": ",,W,", "value": 23.9}, {"date": "2016-12-25T00:00:00", "datatype": "ADPT", "station": "GHCND:USW00003017", "attributes": ",,W,", "value": -56}, {"date": "2016-12-25T00:00:00", "datatype": "ASLP", "station": "GHCND:USW00003017", "attributes": ",,W,", "value": 9942}, {"date": "2016-12-25T00:00:00", "datatype": "ASTP", "station": "GHCND:USW00003017", "attributes": ",,W,", "value": 8148}, {"date": "2016-12-25T00:00:00", "datatype": "AWBT", "station": "GHCND:USW00003017", "attributes": ",,W,", "value": -17}, {"date": "2016-12-25T00:00:00", "datatype": "AWND", "station": "GHCND:USW00003017", "attributes": ",,W,", "value": 14.3}, {"date": "2016-12-25T00:00:00", "datatype": "PRCP", "station": "GHCND:USW00003017", "attributes": "T,,W,2400", "value": 0.0}, {"date": "2016-12-25T00:00:00", "datatype": "RHAV", "station": "GHCND:USW00003017", "attributes": ",,W,", "value": 66}, {"date": "2016-12-25T00:00:00", "datatype": "RHMN", "station": "GHCND:USW00003017", "attributes": ",,W,", "value": 30}, {"date": "2016-12-25T00:00:00", "datatype": "RHMX", "station": "GHCND:USW00003017", "attributes": ",,W,", "value": 92}, {"date": "2016-12-25T00:00:00", "datatype": "SNOW", "station": "GHCND:USW00003017", "attributes": "T,,W,", "value": 0.0}, {"date": "2016-12-25T00:00:00", "datatype": "SNWD", "station": "GHCND:USW00003017", "attributes": "T,,W,", "value": 0.0}, {"date": "2016-12-25T00:00:00", "datatype": "TAVG", "station": "GHCND:USW00003017", "attributes": "H,,S,", "value": 38.0}, {"date": "2016-12-25T00:00:00", "datatype": "TMAX", "station": "GHCND:USW00003017", "attributes": ",,W,2400", "value": 46.0}, {"date": "2016-12-25T00:00:00", "datatype": "TMIN", "station": "GHCND:USW00003017", "attributes": ",,W,2400", "value": 20.0}, {"date": "2016-12-25T00:00:00", "datatype": "WDF2", "station": "GHCND:USW00003017", "attributes": ",,W,", "value": 160}, {"date": "2016-12-25T00:00:00", "datatype": "WDF5", "station": "GHCND:USW00003017", "attributes": ",,W,", "value": 180}, {"date": "2016-12-25T00:00:00", "datatype": "WSF2", "station": "GHCND:USW00003017", "attributes": ",,W,", "value": 36.0}, {"date": "2016-12-25T00:00:00", "datatype": "WSF5", "station": "GHCND:USW00003017", "attributes": ",,W,", "value": 42.9}, {"date": "2016-12-25T00:00:00", "datatype": "WT01", "station": "GHCND:USW00003017", "attributes": ",,W,", "value": 1}, {"date": "2016-12-25T00:00:00", "datatype": "WT03", "station": "GHCND:USW00003017", "attributes": ",,W,", "value": 1}, {"date": "2016-12-26T00:00:00", "datatype": "ADPT", "station": "GHCND:USW00003017", "attributes": ",,W,", "value": -122}, {"date": "2016-12-26T00:00:00", "datatype": "ASLP", "station": "GHCND:USW00003017", "attributes": ",,W,", "value": 10176}, {"date": "2016-12-26T00:00:00", "datatype": "ASTP", "station": "GHCND:USW00003017", "attributes": ",,W,", "value": 8324}, {"date": "2016-12-26T00:00:00", "datatype": "AWBT", "station": "GHCND:USW00003017", "attributes": ",,W,", "value": -50}, {"date": "2016-12-26T00:00:00", "datatype": "AWND", "station": "GHCND:USW00003017", "attributes": ",,W,", "value": 7.8}, {"date": "2016-12-26T00:00:00", "datatype": "PRCP", "station": "GHCND:USW00003017", "attributes": ",,W,2400", "value": 0.0}, {"date": "2016-12-26T00:00:00", "datatype": "RHAV", "station": "GHCND:USW00003017", "attributes": ",,W,", "value": 48}, {"date": "2016-12-26T00:00:00", "datatype": "RHMN", "station": "GHCND:USW00003017", "attributes": ",,W,", "value": 22}, {"date": "2016-12-26T00:00:00", "datatype": "RHMX", "station": "GHCND:USW00003017", "attributes": ",,W,", "value": 85}, {"date": "2016-12-26T00:00:00", "datatype": "SNOW", "station": "GHCND:USW00003017", "attributes": ",,W,", "value": 0.0}, {"date": "2016-12-26T00:00:00", "datatype": "SNWD", "station": "GHCND:USW00003017", "attributes": ",,W,", "value": 0.0}, {"date": "2016-12-26T00:00:00", "datatype": "TAVG", "station": "GHCND:USW00003017", "attributes": "H,,S,", "value": 30.0}, {"date": "2016-12-26T00:00:00", "datatype": "TMAX", "station": "GHCND:USW00003017", "attributes": ",,W,2400", "value": 44.0}, {"date": "2016-12-26T00:00:00", "datatype": "TMIN", "station": "GHCND:USW00003017", "attributes": ",,W,2400", "value": 16.0}, {"date": "2016-12-26T00:00:00", "datatype": "WDF2", "station": "GHCND:USW00003017", "attributes": ",,W,", "value": 240}, {"date": "2016-12-26T00:00:00", "datatype": "WDF5", "station": "GHCND:USW00003017", "attributes": ",,W,", "value": 280}, {"date": "2016-12-26T00:00:00", "datatype": "WSF2", "station": "GHCND:USW00003017", "attributes": ",,W,", "value": 18.1}, {"date": "2016-12-26T00:00:00", "datatype": "WSF5", "station": "GHCND:USW00003017", "attributes": ",,W,", "value": 25.1}, {"date": "2016-12-27T00:00:00", "datatype": "ADPT", "station": "GHCND:USW00003017", "attributes": ",,W,", "value": -94}, {"date": "2016-12-27T00:00:00", "datatype": "ASLP", "station": "GHCND:USW00003017", "attributes": ",,W,", "value": 10169}, {"date": "2016-12-27T00:00:00", "datatype": "ASTP", "station": "GHCND:USW00003017", "attributes": ",,W,", "value": 8310}, {"date": "2016-12-27T00:00:00", "datatype": "AWBT", "station": "GHCND:USW00003017", "attributes": ",,W,", "value": -28}, {"date": "2016-12-27T00:00:00", "datatype": "AWND", "station": "GHCND:USW00003017", "attributes": ",,W,", "value": 8.7}, {"date": "2016-12-27T00:00:00", "datatype": "PRCP", "station": "GHCND:USW00003017", "attributes": ",,W,2400", "value": 0.0}, {"date": "2016-12-27T00:00:00", "datatype": "RHAV", "station": "GHCND:USW00003017", "attributes": ",,W,", "value": 46}, {"date": "2016-12-27T00:00:00", "datatype": "RHMN", "station": "GHCND:USW00003017", "attributes": ",,W,", "value": 15}, {"date": "2016-12-27T00:00:00", "datatype": "RHMX", "station": "GHCND:USW00003017", "attributes": ",,W,", "value": 78}, {"date": "2016-12-27T00:00:00", "datatype": "SNOW", "station": "GHCND:USW00003017", "attributes": ",,W,", "value": 0.0}, {"date": "2016-12-27T00:00:00", "datatype": "SNWD", "station": "GHCND:USW00003017", "attributes": ",,W,", "value": 0.0}, {"date": "2016-12-27T00:00:00", "datatype": "TAVG", "station": "GHCND:USW00003017", "attributes": "H,,S,", "value": 29.0}, {"date": "2016-12-27T00:00:00", "datatype": "TMAX", "station": "GHCND:USW00003017", "attributes": ",,W,2400", "value": 53.0}, {"date": "2016-12-27T00:00:00", "datatype": "TMIN", "station": "GHCND:USW00003017", "attributes": ",,W,2400", "value": 13.0}, {"date": "2016-12-27T00:00:00", "datatype": "WDF2", "station": "GHCND:USW00003017", "attributes": ",,W,", "value": 290}, {"date": "2016-12-27T00:00:00", "datatype": "WDF5", "station": "GHCND:USW00003017", "attributes": ",,W,", "value": 290}, {"date": "2016-12-27T00:00:00", "datatype": "WSF2", "station": "GHCND:USW00003017", "attributes": ",,W,", "value": 25.9}, {"date": "2016-12-27T00:00:00", "datatype": "WSF5", "station": "GHCND:USW00003017", "attributes": ",,W,", "value": 34.0}, {"date": "2016-12-28T00:00:00", "datatype": "ADPT", "station": "GHCND:USW00003017", "attributes": ",,W,", "value": -72}, {"date": "2016-12-28T00:00:00", "datatype": "ASLP", "station": "GHCND:USW00003017", "attributes": ",,W,", "value": 10179}, {"date": "2016-12-28T00:00:00", "datatype": "ASTP", "station": "GHCND:USW00003017", "attributes": ",,W,", "value": 8347}, {"date": "2016-12-28T00:00:00", "datatype": "AWBT", "station": "GHCND:USW00003017", "attributes": ",,W,", "value": -11}, {"date": "2016-12-28T00:00:00", "datatype": "AWND", "station": "GHCND:USW00003017", "attributes": ",,W,", "value": 10.5}, {"date": "2016-12-28T00:00:00", "datatype": "PRCP", "station": "GHCND:USW00003017", "attributes": ",,W,2400", "value": 0.0}, {"date": "2016-12-28T00:00:00", "datatype": "RHAV", "station": "GHCND:USW00003017", "attributes": ",,W,", "value": 52}, {"date": "2016-12-28T00:00:00", "datatype": "RHMN", "station": "GHCND:USW00003017", "attributes": ",,W,", "value": 31}, {"date": "2016-12-28T00:00:00", "datatype": "RHMX", "station": "GHCND:USW00003017", "attributes": ",,W,", "value": 81}, {"date": "2016-12-28T00:00:00", "datatype": "SNOW", "station": "GHCND:USW00003017", "attributes": ",,W,", "value": 0.0}, {"date": "2016-12-28T00:00:00", "datatype": "SNWD", "station": "GHCND:USW00003017", "attributes": ",,W,", "value": 0.0}, {"date": "2016-12-28T00:00:00", "datatype": "TAVG", "station": "GHCND:USW00003017", "attributes": "H,,S,", "value": 43.0}, {"date": "2016-12-28T00:00:00", "datatype": "TMAX", "station": "GHCND:USW00003017", "attributes": ",,W,2400", "value": 48.0}, {"date": "2016-12-28T00:00:00", "datatype": "TMIN", "station": "GHCND:USW00003017", "attributes": ",,W,2400", "value": 18.0}, {"date": "2016-12-28T00:00:00", "datatype": "WDF2", "station": "GHCND:USW00003017", "attributes": ",,W,", "value": 310}, {"date": "2016-12-28T00:00:00", "datatype": "WDF5", "station": "GHCND:USW00003017", "attributes": ",,W,", "value": 310}, {"date": "2016-12-28T00:00:00", "datatype": "WSF2", "station": "GHCND:USW00003017", "attributes": ",,W,", "value": 21.9}, {"date": "2016-12-28T00:00:00", "datatype": "WSF5", "station": "GHCND:USW00003017", "attributes": ",,W,", "value": 28.0}, {"date": "2016-12-29T00:00:00", "datatype": "ADPT", "station": "GHCND:USW00003017", "attributes": ",,W,", "value": -83}, {"date": "2016-12-29T00:00:00", "datatype": "ASLP", "station": "GHCND:USW00003017", "attributes": ",,W,", "value": 10291}, {"date": "2016-12-29T00:00:00", "datatype": "ASTP", "station": "GHCND:USW00003017", "attributes": ",,W,", "value": 8408}, {"date": "2016-12-29T00:00:00", "datatype": "AWBT", "station": "GHCND:USW00003017", "attributes": ",,W,", "value": -33}, {"date": "2016-12-29T00:00:00", "datatype": "AWND", "station": "GHCND:USW00003017", "attributes": ",,W,", "value": 9.8}, {"date": "2016-12-29T00:00:00", "datatype": "PRCP", "station": "GHCND:USW00003017", "attributes": ",,W,2400", "value": 0.0}, {"date": "2016-12-29T00:00:00", "datatype": "RHAV", "station": "GHCND:USW00003017", "attributes": ",,W,", "value": 59}, {"date": "2016-12-29T00:00:00", "datatype": "RHMN", "station": "GHCND:USW00003017", "attributes": ",,W,", "value": 39}, {"date": "2016-12-29T00:00:00", "datatype": "RHMX", "station": "GHCND:USW00003017", "attributes": ",,W,", "value": 77}, {"date": "2016-12-29T00:00:00", "datatype": "SNOW", "station": "GHCND:USW00003017", "attributes": ",,W,", "value": 0.0}, {"date": "2016-12-29T00:00:00", "datatype": "SNWD", "station": "GHCND:USW00003017", "attributes": ",,W,", "value": 0.0}, {"date": "2016-12-29T00:00:00", "datatype": "TAVG", "station": "GHCND:USW00003017", "attributes": "H,,S,", "value": 28.0}, {"date": "2016-12-29T00:00:00", "datatype": "TMAX", "station": "GHCND:USW00003017", "attributes": ",,W,2400", "value": 47.0}, {"date": "2016-12-29T00:00:00", "datatype": "TMIN", "station": "GHCND:USW00003017", "attributes": ",,W,2400", "value": 17.0}, {"date": "2016-12-29T00:00:00", "datatype": "WDF2", "station": "GHCND:USW00003017", "attributes": ",,W,", "value": 140}, {"date": "2016-12-29T00:00:00", "datatype": "WDF5", "station": "GHCND:USW00003017", "attributes": ",,W,", "value": 230}, {"date": "2016-12-29T00:00:00", "datatype": "WSF2", "station": "GHCND:USW00003017", "attributes": ",,W,", "value": 18.1}, {"date": "2016-12-29T00:00:00", "datatype": "WSF5", "station": "GHCND:USW00003017", "attributes": ",,W,", "value": 19.9}, {"date": "2016-12-30T00:00:00", "datatype": "ADPT", "station": "GHCND:USW00003017", "attributes": ",,W,", "value": -139}, {"date": "2016-12-30T00:00:00", "datatype": "ASLP", "station": "GHCND:USW00003017", "attributes": ",,W,", "value": 10085}, {"date": "2016-12-30T00:00:00", "datatype": "ASTP", "station": "GHCND:USW00003017", "attributes": ",,W,", "value": 8263}, {"date": "2016-12-30T00:00:00", "datatype": "AWBT", "station": "GHCND:USW00003017", "attributes": ",,W,", "value": 6}, {"date": "2016-12-30T00:00:00", "datatype": "AWND", "station": "GHCND:USW00003017", "attributes": ",,W,", "value": 13.0}, {"date": "2016-12-30T00:00:00", "datatype": "PRCP", "station": "GHCND:USW00003017", "attributes": ",,W,2400", "value": 0.0}, {"date": "2016-12-30T00:00:00", "datatype": "RHAV", "station": "GHCND:USW00003017", "attributes": ",,W,", "value": 20}, {"date": "2016-12-30T00:00:00", "datatype": "RHMN", "station": "GHCND:USW00003017", "attributes": ",,W,", "value": 8}, {"date": "2016-12-30T00:00:00", "datatype": "RHMX", "station": "GHCND:USW00003017", "attributes": ",,W,", "value": 33}, {"date": "2016-12-30T00:00:00", "datatype": "SNOW", "station": "GHCND:USW00003017", "attributes": ",,W,", "value": 0.0}, {"date": "2016-12-30T00:00:00", "datatype": "SNWD", "station": "GHCND:USW00003017", "attributes": ",,W,", "value": 0.0}, {"date": "2016-12-30T00:00:00", "datatype": "TAVG", "station": "GHCND:USW00003017", "attributes": "H,,S,", "value": 44.0}, {"date": "2016-12-30T00:00:00", "datatype": "TMAX", "station": "GHCND:USW00003017", "attributes": ",,W,2400", "value": 65.0}, {"date": "2016-12-30T00:00:00", "datatype": "TMIN", "station": "GHCND:USW00003017", "attributes": ",,W,2400", "value": 35.0}, {"date": "2016-12-30T00:00:00", "datatype": "WDF2", "station": "GHCND:USW00003017", "attributes": ",,W,", "value": 290}, {"date": "2016-12-30T00:00:00", "datatype": "WDF5", "station": "GHCND:USW00003017", "attributes": ",,W,", "value": 280}, {"date": "2016-12-30T00:00:00", "datatype": "WSF2", "station": "GHCND:USW00003017", "attributes": ",,W,", "value": 32.0}, {"date": "2016-12-30T00:00:00", "datatype": "WSF5", "station": "GHCND:USW00003017", "attributes": ",,W,", "value": 40.9}, {"date": "2016-12-31T00:00:00", "datatype": "ADPT", "station": "GHCND:USW00003017", "attributes": ",,W,", "value": -78}, {"date": "2016-12-31T00:00:00", "datatype": "ASLP", "station": "GHCND:USW00003017", "attributes": ",,W,", "value": 10085}, {"date": "2016-12-31T00:00:00", "datatype": "ASTP", "station": "GHCND:USW00003017", "attributes": ",,W,", "value": 8253}, {"date": "2016-12-31T00:00:00", "datatype": "AWBT", "station": "GHCND:USW00003017", "attributes": ",,W,", "value": -50}, {"date": "2016-12-31T00:00:00", "datatype": "AWND", "station": "GHCND:USW00003017", "attributes": ",,W,", "value": 7.2}, {"date": "2016-12-31T00:00:00", "datatype": "PRCP", "station": "GHCND:USW00003017", "attributes": ",,W,2400", "value": 0.0}, {"date": "2016-12-31T00:00:00", "datatype": "RHAV", "station": "GHCND:USW00003017", "attributes": ",,W,", "value": 70}, {"date": "2016-12-31T00:00:00", "datatype": "RHMN", "station": "GHCND:USW00003017", "attributes": ",,W,", "value": 39}, {"date": "2016-12-31T00:00:00", "datatype": "RHMX", "station": "GHCND:USW00003017", "attributes": ",,W,", "value": 92}, {"date": "2016-12-31T00:00:00", "datatype": "SNOW", "station": "GHCND:USW00003017", "attributes": ",,W,", "value": 0.0}, {"date": "2016-12-31T00:00:00", "datatype": "SNWD", "station": "GHCND:USW00003017", "attributes": ",,W,", "value": 0.0}, {"date": "2016-12-31T00:00:00", "datatype": "TAVG", "station": "GHCND:USW00003017", "attributes": "H,,S,", "value": 34.0}, {"date": "2016-12-31T00:00:00", "datatype": "TMAX", "station": "GHCND:USW00003017", "attributes": ",,W,2400", "value": 41.0}, {"date": "2016-12-31T00:00:00", "datatype": "TMIN", "station": "GHCND:USW00003017", "attributes": ",,W,2400", "value": 13.0}, {"date": "2016-12-31T00:00:00", "datatype": "WDF2", "station": "GHCND:USW00003017", "attributes": ",,W,", "value": 60}, {"date": "2016-12-31T00:00:00", "datatype": "WDF5", "station": "GHCND:USW00003017", "attributes": ",,W,", "value": 60}, {"date": "2016-12-31T00:00:00", "datatype": "WSF2", "station": "GHCND:USW00003017", "attributes": ",,W,", "value": 19.9}, {"date": "2016-12-31T00:00:00", "datatype": "WSF5", "station": "GHCND:USW00003017", "attributes": ",,W,", "value": 23.9}, {"date": "2017-01-01T00:00:00", "datatype": "ADPT", "station": "GHCND:USW00003017", "attributes": ",,W,", "value": -89}, {"date": "2017-01-01T00:00:00", "datatype": "ASLP", "station": "GHCND:USW00003017", "attributes": ",,W,", "value": 10027}, {"date": "2017-01-01T00:00:00", "datatype": "ASTP", "station": "GHCND:USW00003017", "attributes": ",,W,", "value": 8198}, {"date": "2017-01-01T00:00:00", "datatype": "AWBT", "station": "GHCND:USW00003017", "attributes": ",,W,", "value": -39}, {"date": "2017-01-01T00:00:00", "datatype": "AWND", "station": "GHCND:USW00003017", "attributes": ",,W,", "value": 8.5}, {"date": "2017-01-01T00:00:00", "datatype": "PRCP", "station": "GHCND:USW00003017", "attributes": ",,W,2400", "value": 0.0}, {"date": "2017-01-01T00:00:00", "datatype": "RHAV", "station": "GHCND:USW00003017", "attributes": ",,W,", "value": 57}, {"date": "2017-01-01T00:00:00", "datatype": "RHMN", "station": "GHCND:USW00003017", "attributes": ",,W,", "value": 26}, {"date": "2017-01-01T00:00:00", "datatype": "RHMX", "station": "GHCND:USW00003017", "attributes": ",,W,", "value": 81}, {"date": "2017-01-01T00:00:00", "datatype": "SNOW", "station": "GHCND:USW00003017", "attributes": ",,W,", "value": 0.0}, {"date": "2017-01-01T00:00:00", "datatype": "SNWD", "station": "GHCND:USW00003017", "attributes": ",,W,", "value": 0.0}, {"date": "2017-01-01T00:00:00", "datatype": "TAVG", "station": "GHCND:USW00003017", "attributes": "H,,S,", "value": 29.0}, {"date": "2017-01-01T00:00:00", "datatype": "TMAX", "station": "GHCND:USW00003017", "attributes": ",,W,2400", "value": 47.0}, {"date": "2017-01-01T00:00:00", "datatype": "TMIN", "station": "GHCND:USW00003017", "attributes": ",,W,2400", "value": 16.0}, {"date": "2017-01-01T00:00:00", "datatype": "WDF2", "station": "GHCND:USW00003017", "attributes": ",,W,", "value": 160}, {"date": "2017-01-01T00:00:00", "datatype": "WDF5", "station": "GHCND:USW00003017", "attributes": ",,W,", "value": 170}, {"date": "2017-01-01T00:00:00", "datatype": "WSF2", "station": "GHCND:USW00003017", "attributes": ",,W,", "value": 15.0}, {"date": "2017-01-01T00:00:00", "datatype": "WSF5", "station": "GHCND:USW00003017", "attributes": ",,W,", "value": 17.0}, {"date": "2017-01-02T00:00:00", "datatype": "ADPT", "station": "GHCND:USW00003017", "attributes": ",,W,", "value": -83}, {"date": "2017-01-02T00:00:00", "datatype": "ASLP", "station": "GHCND:USW00003017", "attributes": ",,W,", "value": 10088}, {"date": "2017-01-02T00:00:00", "datatype": "ASTP", "station": "GHCND:USW00003017", "attributes": ",,W,", "value": 8259}, {"date": "2017-01-02T00:00:00", "datatype": "AWBT", "station": "GHCND:USW00003017", "attributes": ",,W,", "value": -44}, {"date": "2017-01-02T00:00:00", "datatype": "AWND", "station": "GHCND:USW00003017", "attributes": ",,W,", "value": 12.5}, {"date": "2017-01-02T00:00:00", "datatype": "PRCP", "station": "GHCND:USW00003017", "attributes": "T,,W,2400", "value": 0.0}, {"date": "2017-01-02T00:00:00", "datatype": "RHAV", "station": "GHCND:USW00003017", "attributes": ",,W,", "value": 69}, {"date": "2017-01-02T00:00:00", "datatype": "RHMN", "station": "GHCND:USW00003017", "attributes": ",,W,", "value": 22}, {"date": "2017-01-02T00:00:00", "datatype": "RHMX", "station": "GHCND:USW00003017", "attributes": ",,W,", "value": 89}, {"date": "2017-01-02T00:00:00", "datatype": "SNOW", "station": "GHCND:USW00003017", "attributes": "T,,W,", "value": 0.0}, {"date": "2017-01-02T00:00:00", "datatype": "SNWD", "station": "GHCND:USW00003017", "attributes": "T,,W,", "value": 0.0}, {"date": "2017-01-02T00:00:00", "datatype": "TAVG", "station": "GHCND:USW00003017", "attributes": "H,,S,", "value": 31.0}, {"date": "2017-01-02T00:00:00", "datatype": "TMAX", "station": "GHCND:USW00003017", "attributes": ",,W,2400", "value": 52.0}, {"date": "2017-01-02T00:00:00", "datatype": "TMIN", "station": "GHCND:USW00003017", "attributes": ",,W,2400", "value": 15.0}, {"date": "2017-01-02T00:00:00", "datatype": "WDF2", "station": "GHCND:USW00003017", "attributes": ",,W,", "value": 40}, {"date": "2017-01-02T00:00:00", "datatype": "WDF5", "station": "GHCND:USW00003017", "attributes": ",,W,", "value": 40}, {"date": "2017-01-02T00:00:00", "datatype": "WSF2", "station": "GHCND:USW00003017", "attributes": ",,W,", "value": 29.1}, {"date": "2017-01-02T00:00:00", "datatype": "WSF5", "station": "GHCND:USW00003017", "attributes": ",,W,", "value": 33.1}, {"date": "2017-01-02T00:00:00", "datatype": "WT01", "station": "GHCND:USW00003017", "attributes": ",,W,", "value": 1}, {"date": "2017-01-03T00:00:00", "datatype": "ADPT", "station": "GHCND:USW00003017", "attributes": ",,W,", "value": -128}, {"date": "2017-01-03T00:00:00", "datatype": "ASLP", "station": "GHCND:USW00003017", "attributes": ",,W,", "value": 10220}, {"date": "2017-01-03T00:00:00", "datatype": "ASTP", "station": "GHCND:USW00003017", "attributes": ",,W,", "value": 8331}, {"date": "2017-01-03T00:00:00", "datatype": "AWBT", "station": "GHCND:USW00003017", "attributes": ",,W,", "value": -94}, {"date": "2017-01-03T00:00:00", "datatype": "AWND", "station": "GHCND:USW00003017", "attributes": ",,W,", "value": 8.3}, {"date": "2017-01-03T00:00:00", "datatype": "PRCP", "station": "GHCND:USW00003017", "attributes": "T,,W,2400", "value": 0.0}, {"date": "2017-01-03T00:00:00", "datatype": "RHAV", "station": "GHCND:USW00003017", "attributes": ",,W,", "value": 71}, {"date": "2017-01-03T00:00:00", "datatype": "RHMN", "station": "GHCND:USW00003017", "attributes": ",,W,", "value": 47}, {"date": "2017-01-03T00:00:00", "datatype": "RHMX", "station": "GHCND:USW00003017", "attributes": ",,W,", "value": 88}, {"date": "2017-01-03T00:00:00", "datatype": "SNOW", "station": "GHCND:USW00003017", "attributes": "T,,W,", "value": 0.0}, {"date": "2017-01-03T00:00:00", "datatype": "SNWD", "station": "GHCND:USW00003017", "attributes": "T,,W,", "value": 0.0}, {"date": "2017-01-03T00:00:00", "datatype": "TAVG", "station": "GHCND:USW00003017", "attributes": "H,,S,", "value": 20.0}, {"date": "2017-01-03T00:00:00", "datatype": "TMAX", "station": "GHCND:USW00003017", "attributes": ",,W,2400", "value": 32.0}, {"date": "2017-01-03T00:00:00", "datatype": "TMIN", "station": "GHCND:USW00003017", "attributes": ",,W,2400", "value": 10.0}, {"date": "2017-01-03T00:00:00", "datatype": "WDF2", "station": "GHCND:USW00003017", "attributes": ",,W,", "value": 110}, {"date": "2017-01-03T00:00:00", "datatype": "WDF5", "station": "GHCND:USW00003017", "attributes": ",,W,", "value": 110}, {"date": "2017-01-03T00:00:00", "datatype": "WSF2", "station": "GHCND:USW00003017", "attributes": ",,W,", "value": 15.0}, {"date": "2017-01-03T00:00:00", "datatype": "WSF5", "station": "GHCND:USW00003017", "attributes": ",,W,", "value": 17.0}, {"date": "2017-01-03T00:00:00", "datatype": "WT01", "station": "GHCND:USW00003017", "attributes": ",,W,", "value": 1}, {"date": "2017-01-03T00:00:00", "datatype": "WT08", "station": "GHCND:USW00003017", "attributes": ",,W,", "value": 1}, {"date": "2017-01-04T00:00:00", "datatype": "ADPT", "station": "GHCND:USW00003017", "attributes": ",,W,", "value": -156}, {"date": "2017-01-04T00:00:00", "datatype": "ASLP", "station": "GHCND:USW00003017", "attributes": ",,W,", "value": 10176}, {"date": "2017-01-04T00:00:00", "datatype": "ASTP", "station": "GHCND:USW00003017", "attributes": ",,W,", "value": 8280}, {"date": "2017-01-04T00:00:00", "datatype": "AWBT", "station": "GHCND:USW00003017", "attributes": ",,W,", "value": -139}, {"date": "2017-01-04T00:00:00", "datatype": "AWND", "station": "GHCND:USW00003017", "attributes": ",,W,", "value": 8.7}, {"date": "2017-01-04T00:00:00", "datatype": "PRCP", "station": "GHCND:USW00003017", "attributes": ",,W,2400", "value": 0.1}, {"date": "2017-01-04T00:00:00", "datatype": "RHAV", "station": "GHCND:USW00003017", "attributes": ",,W,", "value": 82}, {"date": "2017-01-04T00:00:00", "datatype": "RHMN", "station": "GHCND:USW00003017", "attributes": ",,W,", "value": 76}, {"date": "2017-01-04T00:00:00", "datatype": "RHMX", "station": "GHCND:USW00003017", "attributes": ",,W,", "value": 92}, {"date": "2017-01-04T00:00:00", "datatype": "SNOW", "station": "GHCND:USW00003017", "attributes": ",,W,", "value": 1.5}, {"date": "2017-01-04T00:00:00", "datatype": "SNWD", "station": "GHCND:USW00003017", "attributes": "T,,W,", "value": 0.0}, {"date": "2017-01-04T00:00:00", "datatype": "TAVG", "station": "GHCND:USW00003017", "attributes": "H,,S,", "value": 11.0}, {"date": "2017-01-04T00:00:00", "datatype": "TMAX", "station": "GHCND:USW00003017", "attributes": ",,W,2400", "value": 12.0}, {"date": "2017-01-04T00:00:00", "datatype": "TMIN", "station": "GHCND:USW00003017", "attributes": ",,W,2400", "value": 4.0}, {"date": "2017-01-04T00:00:00", "datatype": "WDF2", "station": "GHCND:USW00003017", "attributes": ",,W,", "value": 350}, {"date": "2017-01-04T00:00:00", "datatype": "WDF5", "station": "GHCND:USW00003017", "attributes": ",,W,", "value": 350}, {"date": "2017-01-04T00:00:00", "datatype": "WSF2", "station": "GHCND:USW00003017", "attributes": ",,W,", "value": 21.0}, {"date": "2017-01-04T00:00:00", "datatype": "WSF5", "station": "GHCND:USW00003017", "attributes": ",,W,", "value": 23.0}, {"date": "2017-01-04T00:00:00", "datatype": "WT01", "station": "GHCND:USW00003017", "attributes": ",,W,", "value": 1}, {"date": "2017-01-04T00:00:00", "datatype": "WT02", "station": "GHCND:USW00003017", "attributes": ",,W,", "value": 1}, {"date": "2017-01-05T00:00:00", "datatype": "ADPT", "station": "GHCND:USW00003017", "attributes": ",,W,", "value": -189}, {"date": "2017-01-05T00:00:00", "datatype": "ASLP", "station": "GHCND:USW00003017", "attributes": ",,W,", "value": 10224}, {"date": "2017-01-05T00:00:00", "datatype": "ASTP", "station": "GHCND:USW00003017", "attributes": ",,W,", "value": 8303}, {"date": "2017-01-05T00:00:00", "datatype": "AWBT", "station": "GHCND:USW00003017", "attributes": ",,W,", "value": -172}, {"date": "2017-01-05T00:00:00", "datatype": "AWND", "station": "GHCND:USW00003017", "attributes": ",,W,", "value": 4.9}, {"date": "2017-01-05T00:00:00", "datatype": "PRCP", "station": "GHCND:USW00003017", "attributes": ",,W,2400", "value": 0.24}, {"date": "2017-01-05T00:00:00", "datatype": "RHAV", "station": "GHCND:USW00003017", "attributes": ",,W,", "value": 76}, {"date": "2017-01-05T00:00:00", "datatype": "RHMN", "station": "GHCND:USW00003017", "attributes": ",,W,", "value": 69}, {"date": "2017-01-05T00:00:00", "datatype": "RHMX", "station": "GHCND:USW00003017", "attributes": ",,W,", "value": 83}, {"date": "2017-01-05T00:00:00", "datatype": "SNOW", "station": "GHCND:USW00003017", "attributes": ",,W,", "value": 2.6}, {"date": "2017-01-05T00:00:00", "datatype": "SNWD", "station": "GHCND:USW00003017", "attributes": ",,W,", "value": 3.9}, {"date": "2017-01-05T00:00:00", "datatype": "TAVG", "station": "GHCND:USW00003017", "attributes": "H,,S,", "value": 4.0}, {"date": "2017-01-05T00:00:00", "datatype": "TMAX", "station": "GHCND:USW00003017", "attributes": ",,W,2400", "value": 5.0}, {"date": "2017-01-05T00:00:00", "datatype": "TMIN", "station": "GHCND:USW00003017", "attributes": ",,W,2400", "value": -2.0}, {"date": "2017-01-05T00:00:00", "datatype": "WDF2", "station": "GHCND:USW00003017", "attributes": ",,W,", "value": 180}, {"date": "2017-01-05T00:00:00", "datatype": "WDF5", "station": "GHCND:USW00003017", "attributes": ",,W,", "value": 360}, {"date": "2017-01-05T00:00:00", "datatype": "WSF2", "station": "GHCND:USW00003017", "attributes": ",,W,", "value": 10.1}, {"date": "2017-01-05T00:00:00", "datatype": "WSF5", "station": "GHCND:USW00003017", "attributes": ",,W,", "value": 11.0}, {"date": "2017-01-05T00:00:00", "datatype": "WT01", "station": "GHCND:USW00003017", "attributes": ",,W,", "value": 1}, {"date": "2017-01-05T00:00:00", "datatype": "WT08", "station": "GHCND:USW00003017", "attributes": ",,W,", "value": 1}, {"date": "2017-01-06T00:00:00", "datatype": "ADPT", "station": "GHCND:USW00003017", "attributes": ",,W,", "value": -194}, {"date": "2017-01-06T00:00:00", "datatype": "ASLP", "station": "GHCND:USW00003017", "attributes": ",,W,", "value": 10254}, {"date": "2017-01-06T00:00:00", "datatype": "ASTP", "station": "GHCND:USW00003017", "attributes": ",,W,", "value": 8331}, {"date": "2017-01-06T00:00:00", "datatype": "AWBT", "station": "GHCND:USW00003017", "attributes": ",,W,", "value": -150}, {"date": "2017-01-06T00:00:00", "datatype": "AWND", "station": "GHCND:USW00003017", "attributes": ",,W,", "value": 8.9}, {"date": "2017-01-06T00:00:00", "datatype": "PRCP", "station": "GHCND:USW00003017", "attributes": ",,W,2400", "value": 0.0}, {"date": "2017-01-06T00:00:00", "datatype": "RHAV", "station": "GHCND:USW00003017", "attributes": ",,W,", "value": 63}, {"date": "2017-01-06T00:00:00", "datatype": "RHMN", "station": "GHCND:USW00003017", "attributes": ",,W,", "value": 42}, {"date": "2017-01-06T00:00:00", "datatype": "RHMX", "station": "GHCND:USW00003017", "attributes": ",,W,", "value": 86}, {"date": "2017-01-06T00:00:00", "datatype": "SNOW", "station": "GHCND:USW00003017", "attributes": ",,W,", "value": 0.0}, {"date": "2017-01-06T00:00:00", "datatype": "SNWD", "station": "GHCND:USW00003017", "attributes": ",,W,", "value": 3.1}, {"date": "2017-01-06T00:00:00", "datatype": "TAVG", "station": "GHCND:USW00003017", "attributes": "H,,S,", "value": 5.0}, {"date": "2017-01-06T00:00:00", "datatype": "TMAX", "station": "GHCND:USW00003017", "attributes": ",,W,2400", "value": 20.0}, {"date": "2017-01-06T00:00:00", "datatype": "TMIN", "station": "GHCND:USW00003017", "attributes": ",,W,2400", "value": -7.0}, {"date": "2017-01-06T00:00:00", "datatype": "WDF2", "station": "GHCND:USW00003017", "attributes": ",,W,", "value": 170}, {"date": "2017-01-06T00:00:00", "datatype": "WDF5", "station": "GHCND:USW00003017", "attributes": ",,W,", "value": 220}, {"date": "2017-01-06T00:00:00", "datatype": "WSF2", "station": "GHCND:USW00003017", "attributes": ",,W,", "value": 16.1}, {"date": "2017-01-06T00:00:00", "datatype": "WSF5", "station": "GHCND:USW00003017", "attributes": ",,W,", "value": 18.1}, {"date": "2017-01-06T00:00:00", "datatype": "WT01", "station": "GHCND:USW00003017", "attributes": ",,W,", "value": 1}, {"date": "2017-01-06T00:00:00", "datatype": "WT08", "station": "GHCND:USW00003017", "attributes": ",,W,", "value": 1}, {"date": "2017-01-07T00:00:00", "datatype": "ADPT", "station": "GHCND:USW00003017", "attributes": ",,W,", "value": -167}, {"date": "2017-01-07T00:00:00", "datatype": "ASLP", "station": "GHCND:USW00003017", "attributes": ",,W,", "value": 10295}, {"date": "2017-01-07T00:00:00", "datatype": "ASTP", "station": "GHCND:USW00003017", "attributes": ",,W,", "value": 8378}, {"date": "2017-01-07T00:00:00", "datatype": "AWBT", "station": "GHCND:USW00003017", "attributes": ",,W,", "value": -117}, {"date": "2017-01-07T00:00:00", "datatype": "AWND", "station": "GHCND:USW00003017", "attributes": ",,W,", "value": 6.9}, {"date": "2017-01-07T00:00:00", "datatype": "PRCP", "station": "GHCND:USW00003017", "attributes": ",,W,2400", "value": 0.0}, {"date": "2017-01-07T00:00:00", "datatype": "RHAV", "station": "GHCND:USW00003017", "attributes": ",,W,", "value": 59}, {"date": "2017-01-07T00:00:00", "datatype": "RHMN", "station": "GHCND:USW00003017", "attributes": ",,W,", "value": 47}, {"date": "2017-01-07T00:00:00", "datatype": "RHMX", "station": "GHCND:USW00003017", "attributes": ",,W,", "value": 73}, {"date": "2017-01-07T00:00:00", "datatype": "SNOW", "station": "GHCND:USW00003017", "attributes": ",,W,", "value": 0.0}, {"date": "2017-01-07T00:00:00", "datatype": "SNWD", "station": "GHCND:USW00003017", "attributes": ",,W,", "value": 3.1}, {"date": "2017-01-07T00:00:00", "datatype": "TAVG", "station": "GHCND:USW00003017", "attributes": "H,,S,", "value": 12.0}, {"date": "2017-01-07T00:00:00", "datatype": "TMAX", "station": "GHCND:USW00003017", "attributes": ",,W,2400", "value": 26.0}, {"date": "2017-01-07T00:00:00", "datatype": "TMIN", "station": "GHCND:USW00003017", "attributes": ",,W,2400", "value": 2.0}, {"date": "2017-01-07T00:00:00", "datatype": "WDF2", "station": "GHCND:USW00003017", "attributes": ",,W,", "value": 160}, {"date": "2017-01-07T00:00:00", "datatype": "WDF5", "station": "GHCND:USW00003017", "attributes": ",,W,", "value": 200}, {"date": "2017-01-07T00:00:00", "datatype": "WSF2", "station": "GHCND:USW00003017", "attributes": ",,W,", "value": 16.1}, {"date": "2017-01-07T00:00:00", "datatype": "WSF5", "station": "GHCND:USW00003017", "attributes": ",,W,", "value": 17.0}, {"date": "2017-01-08T00:00:00", "datatype": "ADPT", "station": "GHCND:USW00003017", "attributes": ",,W,", "value": -50}, {"date": "2017-01-08T00:00:00", "datatype": "ASLP", "station": "GHCND:USW00003017", "attributes": ",,W,", "value": 10196}, {"date": "2017-01-08T00:00:00", "datatype": "ASTP", "station": "GHCND:USW00003017", "attributes": ",,W,", "value": 8331}, {"date": "2017-01-08T00:00:00", "datatype": "AWBT", "station": "GHCND:USW00003017", "attributes": ",,W,", "value": -11}, {"date": "2017-01-08T00:00:00", "datatype": "AWND", "station": "GHCND:USW00003017", "attributes": ",,W,", "value": 9.6}, {"date": "2017-01-08T00:00:00", "datatype": "PRCP", "station": "GHCND:USW00003017", "attributes": ",,W,2400", "value": 0.0}, {"date": "2017-01-08T00:00:00", "datatype": "RHAV", "station": "GHCND:USW00003017", "attributes": ",,W,", "value": 60}, {"date": "2017-01-08T00:00:00", "datatype": "RHMN", "station": "GHCND:USW00003017", "attributes": ",,W,", "value": 51}, {"date": "2017-01-08T00:00:00", "datatype": "RHMX", "station": "GHCND:USW00003017", "attributes": ",,W,", "value": 73}, {"date": "2017-01-08T00:00:00", "datatype": "SNOW", "station": "GHCND:USW00003017", "attributes": ",,W,", "value": 0.0}, {"date": "2017-01-08T00:00:00", "datatype": "SNWD", "station": "GHCND:USW00003017", "attributes": ",,W,", "value": 2.0}, {"date": "2017-01-08T00:00:00", "datatype": "TAVG", "station": "GHCND:USW00003017", "attributes": "H,,S,", "value": 27.0}, {"date": "2017-01-08T00:00:00", "datatype": "TMAX", "station": "GHCND:USW00003017", "attributes": ",,W,2400", "value": 48.0}, {"date": "2017-01-08T00:00:00", "datatype": "TMIN", "station": "GHCND:USW00003017", "attributes": ",,W,2400", "value": 12.0}, {"date": "2017-01-08T00:00:00", "datatype": "WDF2", "station": "GHCND:USW00003017", "attributes": ",,W,", "value": 150}, {"date": "2017-01-08T00:00:00", "datatype": "WDF5", "station": "GHCND:USW00003017", "attributes": ",,W,", "value": 340}, {"date": "2017-01-08T00:00:00", "datatype": "WSF2", "station": "GHCND:USW00003017", "attributes": ",,W,", "value": 21.0}, {"date": "2017-01-08T00:00:00", "datatype": "WSF5", "station": "GHCND:USW00003017", "attributes": ",,W,", "value": 25.1}, {"date": "2017-01-09T00:00:00", "datatype": "ADPT", "station": "GHCND:USW00003017", "attributes": ",,W,", "value": -11}, {"date": "2017-01-09T00:00:00", "datatype": "ASLP", "station": "GHCND:USW00003017", "attributes": ",,W,", "value": 10024}, {"date": "2017-01-09T00:00:00", "datatype": "ASTP", "station": "GHCND:USW00003017", "attributes": ",,W,", "value": 8222}, {"date": "2017-01-09T00:00:00", "datatype": "AWBT", "station": "GHCND:USW00003017", "attributes": ",,W,", "value": 44}, {"date": "2017-01-09T00:00:00", "datatype": "AWND", "station": "GHCND:USW00003017", "attributes": ",,W,", "value": 14.1}, {"date": "2017-01-09T00:00:00", "datatype": "PRCP", "station": "GHCND:USW00003017", "attributes": ",,W,2400", "value": 0.0}, {"date": "2017-01-09T00:00:00", "datatype": "RHAV", "station": "GHCND:USW00003017", "attributes": ",,W,", "value": 49}, {"date": "2017-01-09T00:00:00", "datatype": "RHMN", "station": "GHCND:USW00003017", "attributes": ",,W,", "value": 35}, {"date": "2017-01-09T00:00:00", "datatype": "RHMX", "station": "GHCND:USW00003017", "attributes": ",,W,", "value": 79}, {"date": "2017-01-09T00:00:00", "datatype": "SNOW", "station": "GHCND:USW00003017", "attributes": ",,W,", "value": 0.0}, {"date": "2017-01-09T00:00:00", "datatype": "SNWD", "station": "GHCND:USW00003017", "attributes": ",,W,", "value": 1.2}, {"date": "2017-01-09T00:00:00", "datatype": "TAVG", "station": "GHCND:USW00003017", "attributes": "H,,S,", "value": 47.0}, {"date": "2017-01-09T00:00:00", "datatype": "TMAX", "station": "GHCND:USW00003017", "attributes": ",,W,2400", "value": 62.0}, {"date": "2017-01-09T00:00:00", "datatype": "TMIN", "station": "GHCND:USW00003017", "attributes": ",,W,2400", "value": 31.0}, {"date": "2017-01-09T00:00:00", "datatype": "WDF2", "station": "GHCND:USW00003017", "attributes": ",,W,", "value": 250}, {"date": "2017-01-09T00:00:00", "datatype": "WDF5", "station": "GHCND:USW00003017", "attributes": ",,W,", "value": 270}, {"date": "2017-01-09T00:00:00", "datatype": "WSF2", "station": "GHCND:USW00003017", "attributes": ",,W,", "value": 36.0}, {"date": "2017-01-09T00:00:00", "datatype": "WSF5", "station": "GHCND:USW00003017", "attributes": ",,W,", "value": 53.0}, {"date": "2017-01-10T00:00:00", "datatype": "ADPT", "station": "GHCND:USW00003017", "attributes": ",,W,", "value": -83}, {"date": "2017-01-10T00:00:00", "datatype": "ASLP", "station": "GHCND:USW00003017", "attributes": ",,W,", "value": 10034}, {"date": "2017-01-10T00:00:00", "datatype": "ASTP", "station": "GHCND:USW00003017", "attributes": ",,W,", "value": 8236}, {"date": "2017-01-10T00:00:00", "datatype": "AWBT", "station": "GHCND:USW00003017", "attributes": ",,W,", "value": 0}, {"date": "2017-01-10T00:00:00", "datatype": "AWND", "station": "GHCND:USW00003017", "attributes": ",,W,", "value": 14.5}, {"date": "2017-01-10T00:00:00", "datatype": "PRCP", "station": "GHCND:USW00003017", "attributes": ",,W,2400", "value": 0.0}, {"date": "2017-01-10T00:00:00", "datatype": "RHAV", "station": "GHCND:USW00003017", "attributes": ",,W,", "value": 38}, {"date": "2017-01-10T00:00:00", "datatype": "RHMN", "station": "GHCND:USW00003017", "attributes": ",,W,", "value": 24}, {"date": "2017-01-10T00:00:00", "datatype": "RHMX", "station": "GHCND:USW00003017", "attributes": ",,W,", "value": 56}, {"date": "2017-01-10T00:00:00", "datatype": "SNOW", "station": "GHCND:USW00003017", "attributes": ",,W,", "value": 0.0}, {"date": "2017-01-10T00:00:00", "datatype": "SNWD", "station": "GHCND:USW00003017", "attributes": ",,W,", "value": 0.0}, {"date": "2017-01-10T00:00:00", "datatype": "TAVG", "station": "GHCND:USW00003017", "attributes": "H,,S,", "value": 43.0}, {"date": "2017-01-10T00:00:00", "datatype": "TMAX", "station": "GHCND:USW00003017", "attributes": ",,W,2400", "value": 52.0}, {"date": "2017-01-10T00:00:00", "datatype": "TMIN", "station": "GHCND:USW00003017", "attributes": ",,W,2400", "value": 32.0}, {"date": "2017-01-10T00:00:00", "datatype": "WDF2", "station": "GHCND:USW00003017", "attributes": ",,W,", "value": 280}, {"date": "2017-01-10T00:00:00", "datatype": "WDF5", "station": "GHCND:USW00003017", "attributes": ",,W,", "value": 270}, {"date": "2017-01-10T00:00:00", "datatype": "WSF2", "station": "GHCND:USW00003017", "attributes": ",,W,", "value": 36.9}, {"date": "2017-01-10T00:00:00", "datatype": "WSF5", "station": "GHCND:USW00003017", "attributes": ",,W,", "value": 47.0}, {"date": "2017-01-11T00:00:00", "datatype": "ADPT", "station": "GHCND:USW00003017", "attributes": ",,W,", "value": -56}, {"date": "2017-01-11T00:00:00", "datatype": "ASLP", "station": "GHCND:USW00003017", "attributes": ",,W,", "value": 10000}, {"date": "2017-01-11T00:00:00", "datatype": "ASTP", "station": "GHCND:USW00003017", "attributes": ",,W,", "value": 8198}, {"date": "2017-01-11T00:00:00", "datatype": "AWBT", "station": "GHCND:USW00003017", "attributes": ",,W,", "value": -11}, {"date": "2017-01-11T00:00:00", "datatype": "AWND", "station": "GHCND:USW00003017", "attributes": ",,W,", "value": 12.5}, {"date": "2017-01-11T00:00:00", "datatype": "PRCP", "station": "GHCND:USW00003017", "attributes": ",,W,2400", "value": 0.0}, {"date": "2017-01-11T00:00:00", "datatype": "RHAV", "station": "GHCND:USW00003017", "attributes": ",,W,", "value": 61}, {"date": "2017-01-11T00:00:00", "datatype": "RHMN", "station": "GHCND:USW00003017", "attributes": ",,W,", "value": 34}, {"date": "2017-01-11T00:00:00", "datatype": "RHMX", "station": "GHCND:USW00003017", "attributes": ",,W,", "value": 85}, {"date": "2017-01-11T00:00:00", "datatype": "SNOW", "station": "GHCND:USW00003017", "attributes": ",,W,", "value": 0.0}, {"date": "2017-01-11T00:00:00", "datatype": "SNWD", "station": "GHCND:USW00003017", "attributes": ",,W,", "value": 0.0}, {"date": "2017-01-11T00:00:00", "datatype": "TAVG", "station": "GHCND:USW00003017", "attributes": "H,,S,", "value": 41.0}, {"date": "2017-01-11T00:00:00", "datatype": "TMAX", "station": "GHCND:USW00003017", "attributes": ",,W,2400", "value": 56.0}, {"date": "2017-01-11T00:00:00", "datatype": "TMIN", "station": "GHCND:USW00003017", "attributes": ",,W,2400", "value": 21.0}, {"date": "2017-01-11T00:00:00", "datatype": "WDF2", "station": "GHCND:USW00003017", "attributes": ",,W,", "value": 240}, {"date": "2017-01-11T00:00:00", "datatype": "WDF5", "station": "GHCND:USW00003017", "attributes": ",,W,", "value": 240}, {"date": "2017-01-11T00:00:00", "datatype": "WSF2", "station": "GHCND:USW00003017", "attributes": ",,W,", "value": 23.9}, {"date": "2017-01-11T00:00:00", "datatype": "WSF5", "station": "GHCND:USW00003017", "attributes": ",,W,", "value": 29.1}, {"date": "2017-01-12T00:00:00", "datatype": "ADPT", "station": "GHCND:USW00003017", "attributes": ",,W,", "value": -72}, {"date": "2017-01-12T00:00:00", "datatype": "ASLP", "station": "GHCND:USW00003017", "attributes": ",,W,", "value": 10179}, {"date": "2017-01-12T00:00:00", "datatype": "ASTP", "station": "GHCND:USW00003017", "attributes": ",,W,", "value": 8331}, {"date": "2017-01-12T00:00:00", "datatype": "AWBT", "station": "GHCND:USW00003017", "attributes": ",,W,", "value": -39}, {"date": "2017-01-12T00:00:00", "datatype": "AWND", "station": "GHCND:USW00003017", "attributes": ",,W,", "value": 11.0}, {"date": "2017-01-12T00:00:00", "datatype": "PRCP", "station": "GHCND:USW00003017", "attributes": ",,W,2400", "value": 0.0}, {"date": "2017-01-12T00:00:00", "datatype": "RHAV", "station": "GHCND:USW00003017", "attributes": ",,W,", "value": 71}, {"date": "2017-01-12T00:00:00", "datatype": "RHMN", "station": "GHCND:USW00003017", "attributes": ",,W,", "value": 57}, {"date": "2017-01-12T00:00:00", "datatype": "RHMX", "station": "GHCND:USW00003017", "attributes": ",,W,", "value": 88}, {"date": "2017-01-12T00:00:00", "datatype": "SNOW", "station": "GHCND:USW00003017", "attributes": ",,W,", "value": 0.0}, {"date": "2017-01-12T00:00:00", "datatype": "SNWD", "station": "GHCND:USW00003017", "attributes": ",,W,", "value": 0.0}, {"date": "2017-01-12T00:00:00", "datatype": "TAVG", "station": "GHCND:USW00003017", "attributes": "H,,S,", "value": 30.0}, {"date": "2017-01-12T00:00:00", "datatype": "TMAX", "station": "GHCND:USW00003017", "attributes": ",,W,2400", "value": 40.0}, {"date": "2017-01-12T00:00:00", "datatype": "TMIN", "station": "GHCND:USW00003017", "attributes": ",,W,2400", "value": 18.0}, {"date": "2017-01-12T00:00:00", "datatype": "WDF2", "station": "GHCND:USW00003017", "attributes": ",,W,", "value": 70}, {"date": "2017-01-12T00:00:00", "datatype": "WDF5", "station": "GHCND:USW00003017", "attributes": ",,W,", "value": 70}, {"date": "2017-01-12T00:00:00", "datatype": "WSF2", "station": "GHCND:USW00003017", "attributes": ",,W,", "value": 23.9}, {"date": "2017-01-12T00:00:00", "datatype": "WSF5", "station": "GHCND:USW00003017", "attributes": ",,W,", "value": 29.1}, {"date": "2017-01-13T00:00:00", "datatype": "ADPT", "station": "GHCND:USW00003017", "attributes": ",,W,", "value": -67}, {"date": "2017-01-13T00:00:00", "datatype": "ASLP", "station": "GHCND:USW00003017", "attributes": ",,W,", "value": 10274}, {"date": "2017-01-13T00:00:00", "datatype": "ASTP", "station": "GHCND:USW00003017", "attributes": ",,W,", "value": 8391}, {"date": "2017-01-13T00:00:00", "datatype": "AWBT", "station": "GHCND:USW00003017", "attributes": ",,W,", "value": -44}, {"date": "2017-01-13T00:00:00", "datatype": "AWND", "station": "GHCND:USW00003017", "attributes": ",,W,", "value": 3.8}, {"date": "2017-01-13T00:00:00", "datatype": "PRCP", "station": "GHCND:USW00003017", "attributes": "T,,W,2400", "value": 0.0}, {"date": "2017-01-13T00:00:00", "datatype": "RHAV", "station": "GHCND:USW00003017", "attributes": ",,W,", "value": 77}, {"date": "2017-01-13T00:00:00", "datatype": "RHMN", "station": "GHCND:USW00003017", "attributes": ",,W,", "value": 54}, {"date": "2017-01-13T00:00:00", "datatype": "RHMX", "station": "GHCND:USW00003017", "attributes": ",,W,", "value": 92}, {"date": "2017-01-13T00:00:00", "datatype": "SNOW", "station": "GHCND:USW00003017", "attributes": "T,,W,", "value": 0.0}, {"date": "2017-01-13T00:00:00", "datatype": "SNWD", "station": "GHCND:USW00003017", "attributes": ",,W,", "value": 0.0}, {"date": "2017-01-13T00:00:00", "datatype": "TAVG", "station": "GHCND:USW00003017", "attributes": "H,,S,", "value": 24.0}, {"date": "2017-01-13T00:00:00", "datatype": "TMAX", "station": "GHCND:USW00003017", "attributes": ",,W,2400", "value": 39.0}, {"date": "2017-01-13T00:00:00", "datatype": "TMIN", "station": "GHCND:USW00003017", "attributes": ",,W,2400", "value": 18.0}, {"date": "2017-01-13T00:00:00", "datatype": "WDF2", "station": "GHCND:USW00003017", "attributes": ",,W,", "value": 210}, {"date": "2017-01-13T00:00:00", "datatype": "WDF5", "station": "GHCND:USW00003017", "attributes": ",,W,", "value": 210}, {"date": "2017-01-13T00:00:00", "datatype": "WSF2", "station": "GHCND:USW00003017", "attributes": ",,W,", "value": 10.1}, {"date": "2017-01-13T00:00:00", "datatype": "WSF5", "station": "GHCND:USW00003017", "attributes": ",,W,", "value": 12.1}, {"date": "2017-01-13T00:00:00", "datatype": "WT01", "station": "GHCND:USW00003017", "attributes": ",,W,", "value": 1}, {"date": "2017-01-13T00:00:00", "datatype": "WT08", "station": "GHCND:USW00003017", "attributes": ",,W,", "value": 1}, {"date": "2017-01-14T00:00:00", "datatype": "ADPT", "station": "GHCND:USW00003017", "attributes": ",,W,", "value": -44}, {"date": "2017-01-14T00:00:00", "datatype": "ASLP", "station": "GHCND:USW00003017", "attributes": ",,W,", "value": 10274}, {"date": "2017-01-14T00:00:00", "datatype": "ASTP", "station": "GHCND:USW00003017", "attributes": ",,W,", "value": 8398}, {"date": "2017-01-14T00:00:00", "datatype": "AWBT", "station": "GHCND:USW00003017", "attributes": ",,W,", "value": -22}, {"date": "2017-01-14T00:00:00", "datatype": "AWND", "station": "GHCND:USW00003017", "attributes": ",,W,", "value": 5.8}, {"date": "2017-01-14T00:00:00", "datatype": "PRCP", "station": "GHCND:USW00003017", "attributes": ",,W,2400", "value": 0.0}, {"date": "2017-01-14T00:00:00", "datatype": "RHAV", "station": "GHCND:USW00003017", "attributes": ",,W,", "value": 77}, {"date": "2017-01-14T00:00:00", "datatype": "RHMN", "station": "GHCND:USW00003017", "attributes": ",,W,", "value": 53}, {"date": "2017-01-14T00:00:00", "datatype": "RHMX", "station": "GHCND:USW00003017", "attributes": ",,W,", "value": 89}, {"date": "2017-01-14T00:00:00", "datatype": "SNOW", "station": "GHCND:USW00003017", "attributes": ",,W,", "value": 0.0}, {"date": "2017-01-14T00:00:00", "datatype": "SNWD", "station": "GHCND:USW00003017", "attributes": ",,W,", "value": 0.0}, {"date": "2017-01-14T00:00:00", "datatype": "TAVG", "station": "GHCND:USW00003017", "attributes": "H,,S,", "value": 30.0}, {"date": "2017-01-14T00:00:00", "datatype": "TMAX", "station": "GHCND:USW00003017", "attributes": ",,W,2400", "value": 42.0}, {"date": "2017-01-14T00:00:00", "datatype": "TMIN", "station": "GHCND:USW00003017", "attributes": ",,W,2400", "value": 22.0}, {"date": "2017-01-14T00:00:00", "datatype": "WDF2", "station": "GHCND:USW00003017", "attributes": ",,W,", "value": 130}, {"date": "2017-01-14T00:00:00", "datatype": "WDF5", "station": "GHCND:USW00003017", "attributes": ",,W,", "value": 220}, {"date": "2017-01-14T00:00:00", "datatype": "WSF2", "station": "GHCND:USW00003017", "attributes": ",,W,", "value": 10.1}, {"date": "2017-01-14T00:00:00", "datatype": "WSF5", "station": "GHCND:USW00003017", "attributes": ",,W,", "value": 13.0}, {"date": "2017-01-14T00:00:00", "datatype": "WT01", "station": "GHCND:USW00003017", "attributes": ",,W,", "value": 1}, {"date": "2017-01-14T00:00:00", "datatype": "WT08", "station": "GHCND:USW00003017", "attributes": ",,W,", "value": 1}, {"date": "2017-01-15T00:00:00", "datatype": "ADPT", "station": "GHCND:USW00003017", "attributes": ",,W,", "value": -44}, {"date": "2017-01-15T00:00:00", "datatype": "ASLP", "station": "GHCND:USW00003017", "attributes": ",,W,", "value": 10183}, {"date": "2017-01-15T00:00:00", "datatype": "ASTP", "station": "GHCND:USW00003017", "attributes": ",,W,", "value": 8324}, {"date": "2017-01-15T00:00:00", "datatype": "AWBT", "station": "GHCND:USW00003017", "attributes": ",,W,", "value": -22}, {"date": "2017-01-15T00:00:00", "datatype": "AWND", "station": "GHCND:USW00003017", "attributes": ",,W,", "value": 5.8}, {"date": "2017-01-15T00:00:00", "datatype": "PRCP", "station": "GHCND:USW00003017", "attributes": "T,,W,2400", "value": 0.0}, {"date": "2017-01-15T00:00:00", "datatype": "RHAV", "station": "GHCND:USW00003017", "attributes": ",,W,", "value": 79}, {"date": "2017-01-15T00:00:00", "datatype": "RHMN", "station": "GHCND:USW00003017", "attributes": ",,W,", "value": 67}, {"date": "2017-01-15T00:00:00", "datatype": "RHMX", "station": "GHCND:USW00003017", "attributes": ",,W,", "value": 92}, {"date": "2017-01-15T00:00:00", "datatype": "SNOW", "station": "GHCND:USW00003017", "attributes": "T,,W,", "value": 0.0}, {"date": "2017-01-15T00:00:00", "datatype": "SNWD", "station": "GHCND:USW00003017", "attributes": ",,W,", "value": 0.0}, {"date": "2017-01-15T00:00:00", "datatype": "TAVG", "station": "GHCND:USW00003017", "attributes": "H,,S,", "value": 29.0}, {"date": "2017-01-15T00:00:00", "datatype": "TMAX", "station": "GHCND:USW00003017", "attributes": ",,W,2400", "value": 35.0}, {"date": "2017-01-15T00:00:00", "datatype": "TMIN", "station": "GHCND:USW00003017", "attributes": ",,W,2400", "value": 22.0}, {"date": "2017-01-15T00:00:00", "datatype": "WDF2", "station": "GHCND:USW00003017", "attributes": ",,W,", "value": 270}, {"date": "2017-01-15T00:00:00", "datatype": "WDF5", "station": "GHCND:USW00003017", "attributes": ",,W,", "value": 270}, {"date": "2017-01-15T00:00:00", "datatype": "WSF2", "station": "GHCND:USW00003017", "attributes": ",,W,", "value": 12.1}, {"date": "2017-01-15T00:00:00", "datatype": "WSF5", "station": "GHCND:USW00003017", "attributes": ",,W,", "value": 12.1}, {"date": "2017-01-15T00:00:00", "datatype": "WT01", "station": "GHCND:USW00003017", "attributes": ",,W,", "value": 1}, {"date": "2017-01-15T00:00:00", "datatype": "WT08", "station": "GHCND:USW00003017", "attributes": ",,W,", "value": 1}, {"date": "2017-01-16T00:00:00", "datatype": "ADPT", "station": "GHCND:USW00003017", "attributes": ",,W,", "value": -33}, {"date": "2017-01-16T00:00:00", "datatype": "ASLP", "station": "GHCND:USW00003017", "attributes": ",,W,", "value": 10186}, {"date": "2017-01-16T00:00:00", "datatype": "ASTP", "station": "GHCND:USW00003017", "attributes": ",,W,", "value": 8334}, {"date": "2017-01-16T00:00:00", "datatype": "AWBT", "station": "GHCND:USW00003017", "attributes": ",,W,", "value": -17}, {"date": "2017-01-16T00:00:00", "datatype": "AWND", "station": "GHCND:USW00003017", "attributes": ",,W,", "value": 10.5}, {"date": "2017-01-16T00:00:00", "datatype": "PRCP", "station": "GHCND:USW00003017", "attributes": ",,W,2400", "value": 0.2}, {"date": "2017-01-16T00:00:00", "datatype": "RHAV", "station": "GHCND:USW00003017", "attributes": ",,W,", "value": 81}, {"date": "2017-01-16T00:00:00", "datatype": "RHMN", "station": "GHCND:USW00003017", "attributes": ",,W,", "value": 67}, {"date": "2017-01-16T00:00:00", "datatype": "RHMX", "station": "GHCND:USW00003017", "attributes": ",,W,", "value": 92}, {"date": "2017-01-16T00:00:00", "datatype": "SNOW", "station": "GHCND:USW00003017", "attributes": ",,W,", "value": 2.2}, {"date": "2017-01-16T00:00:00", "datatype": "SNWD", "station": "GHCND:USW00003017", "attributes": "T,,W,", "value": 0.0}, {"date": "2017-01-16T00:00:00", "datatype": "TAVG", "station": "GHCND:USW00003017", "attributes": "H,,S,", "value": 31.0}, {"date": "2017-01-16T00:00:00", "datatype": "TMAX", "station": "GHCND:USW00003017", "attributes": ",,W,2400", "value": 35.0}, {"date": "2017-01-16T00:00:00", "datatype": "TMIN", "station": "GHCND:USW00003017", "attributes": ",,W,2400", "value": 27.0}, {"date": "2017-01-16T00:00:00", "datatype": "WDF2", "station": "GHCND:USW00003017", "attributes": ",,W,", "value": 340}, {"date": "2017-01-16T00:00:00", "datatype": "WDF5", "station": "GHCND:USW00003017", "attributes": ",,W,", "value": 330}, {"date": "2017-01-16T00:00:00", "datatype": "WSF2", "station": "GHCND:USW00003017", "attributes": ",,W,", "value": 23.0}, {"date": "2017-01-16T00:00:00", "datatype": "WSF5", "station": "GHCND:USW00003017", "attributes": ",,W,", "value": 27.1}, {"date": "2017-01-16T00:00:00", "datatype": "WT01", "station": "GHCND:USW00003017", "attributes": ",,W,", "value": 1}, {"date": "2017-01-17T00:00:00", "datatype": "ADPT", "station": "GHCND:USW00003017", "attributes": ",,W,", "value": -61}, {"date": "2017-01-17T00:00:00", "datatype": "ASLP", "station": "GHCND:USW00003017", "attributes": ",,W,", "value": 10183}, {"date": "2017-01-17T00:00:00", "datatype": "ASTP", "station": "GHCND:USW00003017", "attributes": ",,W,", "value": 8320}, {"date": "2017-01-17T00:00:00", "datatype": "AWBT", "station": "GHCND:USW00003017", "attributes": ",,W,", "value": -33}, {"date": "2017-01-17T00:00:00", "datatype": "AWND", "station": "GHCND:USW00003017", "attributes": ",,W,", "value": 7.6}, {"date": "2017-01-17T00:00:00", "datatype": "PRCP", "station": "GHCND:USW00003017", "attributes": ",,W,2400", "value": 0.0}, {"date": "2017-01-17T00:00:00", "datatype": "RHAV", "station": "GHCND:USW00003017", "attributes": ",,W,", "value": 70}, {"date": "2017-01-17T00:00:00", "datatype": "RHMN", "station": "GHCND:USW00003017", "attributes": ",,W,", "value": 46}, {"date": "2017-01-17T00:00:00", "datatype": "RHMX", "station": "GHCND:USW00003017", "attributes": ",,W,", "value": 88}, {"date": "2017-01-17T00:00:00", "datatype": "SNOW", "station": "GHCND:USW00003017", "attributes": ",,W,", "value": 0.0}, {"date": "2017-01-17T00:00:00", "datatype": "SNWD", "station": "GHCND:USW00003017", "attributes": ",,W,", "value": 2.0}, {"date": "2017-01-17T00:00:00", "datatype": "TAVG", "station": "GHCND:USW00003017", "attributes": "H,,S,", "value": 31.0}, {"date": "2017-01-17T00:00:00", "datatype": "TMAX", "station": "GHCND:USW00003017", "attributes": ",,W,2400", "value": 46.0}, {"date": "2017-01-17T00:00:00", "datatype": "TMIN", "station": "GHCND:USW00003017", "attributes": ",,W,2400", "value": 17.0}, {"date": "2017-01-17T00:00:00", "datatype": "WDF2", "station": "GHCND:USW00003017", "attributes": ",,W,", "value": 170}, {"date": "2017-01-17T00:00:00", "datatype": "WDF5", "station": "GHCND:USW00003017", "attributes": ",,W,", "value": 170}, {"date": "2017-01-17T00:00:00", "datatype": "WSF2", "station": "GHCND:USW00003017", "attributes": ",,W,", "value": 15.0}, {"date": "2017-01-17T00:00:00", "datatype": "WSF5", "station": "GHCND:USW00003017", "attributes": ",,W,", "value": 16.1}, {"date": "2017-01-18T00:00:00", "datatype": "ADPT", "station": "GHCND:USW00003017", "attributes": ",,W,", "value": -89}, {"date": "2017-01-18T00:00:00", "datatype": "ASLP", "station": "GHCND:USW00003017", "attributes": ",,W,", "value": 10105}, {"date": "2017-01-18T00:00:00", "datatype": "ASTP", "station": "GHCND:USW00003017", "attributes": ",,W,", "value": 8263}, {"date": "2017-01-18T00:00:00", "datatype": "AWBT", "station": "GHCND:USW00003017", "attributes": ",,W,", "value": -22}, {"date": "2017-01-18T00:00:00", "datatype": "AWND", "station": "GHCND:USW00003017", "attributes": ",,W,", "value": 8.5}, {"date": "2017-01-18T00:00:00", "datatype": "PRCP", "station": "GHCND:USW00003017", "attributes": ",,W,2400", "value": 0.0}, {"date": "2017-01-18T00:00:00", "datatype": "RHAV", "station": "GHCND:USW00003017", "attributes": ",,W,", "value": 47}, {"date": "2017-01-18T00:00:00", "datatype": "RHMN", "station": "GHCND:USW00003017", "attributes": ",,W,", "value": 20}, {"date": "2017-01-18T00:00:00", "datatype": "RHMX", "station": "GHCND:USW00003017", "attributes": ",,W,", "value": 71}, {"date": "2017-01-18T00:00:00", "datatype": "SNOW", "station": "GHCND:USW00003017", "attributes": ",,W,", "value": 0.0}, {"date": "2017-01-18T00:00:00", "datatype": "SNWD", "station": "GHCND:USW00003017", "attributes": ",,W,", "value": 1.2}, {"date": "2017-01-18T00:00:00", "datatype": "TAVG", "station": "GHCND:USW00003017", "attributes": "H,,S,", "value": 33.0}, {"date": "2017-01-18T00:00:00", "datatype": "TMAX", "station": "GHCND:USW00003017", "attributes": ",,W,2400", "value": 52.0}, {"date": "2017-01-18T00:00:00", "datatype": "TMIN", "station": "GHCND:USW00003017", "attributes": ",,W,2400", "value": 21.0}, {"date": "2017-01-18T00:00:00", "datatype": "WDF2", "station": "GHCND:USW00003017", "attributes": ",,W,", "value": 220}, {"date": "2017-01-18T00:00:00", "datatype": "WDF5", "station": "GHCND:USW00003017", "attributes": ",,W,", "value": 220}, {"date": "2017-01-18T00:00:00", "datatype": "WSF2", "station": "GHCND:USW00003017", "attributes": ",,W,", "value": 15.0}, {"date": "2017-01-18T00:00:00", "datatype": "WSF5", "station": "GHCND:USW00003017", "attributes": ",,W,", "value": 19.0}, {"date": "2017-01-19T00:00:00", "datatype": "ADPT", "station": "GHCND:USW00003017", "attributes": ",,W,", "value": -72}, {"date": "2017-01-19T00:00:00", "datatype": "ASLP", "station": "GHCND:USW00003017", "attributes": ",,W,", "value": 10000}, {"date": "2017-01-19T00:00:00", "datatype": "ASTP", "station": "GHCND:USW00003017", "attributes": ",,W,", "value": 8188}, {"date": "2017-01-19T00:00:00", "datatype": "AWBT", "station": "GHCND:USW00003017", "attributes": ",,W,", "value": -11}, {"date": "2017-01-19T00:00:00", "datatype": "AWND", "station": "GHCND:USW00003017", "attributes": ",,W,", "value": 8.5}, {"date": "2017-01-19T00:00:00", "datatype": "PRCP", "station": "GHCND:USW00003017", "attributes": ",,W,2400", "value": 0.0}, {"date": "2017-01-19T00:00:00", "datatype": "RHAV", "station": "GHCND:USW00003017", "attributes": ",,W,", "value": 50}, {"date": "2017-01-19T00:00:00", "datatype": "RHMN", "station": "GHCND:USW00003017", "attributes": ",,W,", "value": 23}, {"date": "2017-01-19T00:00:00", "datatype": "RHMX", "station": "GHCND:USW00003017", "attributes": ",,W,", "value": 71}, {"date": "2017-01-19T00:00:00", "datatype": "SNOW", "station": "GHCND:USW00003017", "attributes": ",,W,", "value": 0.0}, {"date": "2017-01-19T00:00:00", "datatype": "SNWD", "station": "GHCND:USW00003017", "attributes": "T,,W,", "value": 0.0}, {"date": "2017-01-19T00:00:00", "datatype": "TAVG", "station": "GHCND:USW00003017", "attributes": "H,,S,", "value": 38.0}, {"date": "2017-01-19T00:00:00", "datatype": "TMAX", "station": "GHCND:USW00003017", "attributes": ",,W,2400", "value": 54.0}, {"date": "2017-01-19T00:00:00", "datatype": "TMIN", "station": "GHCND:USW00003017", "attributes": ",,W,2400", "value": 22.0}, {"date": "2017-01-19T00:00:00", "datatype": "WDF2", "station": "GHCND:USW00003017", "attributes": ",,W,", "value": 90}, {"date": "2017-01-19T00:00:00", "datatype": "WDF5", "station": "GHCND:USW00003017", "attributes": ",,W,", "value": 220}, {"date": "2017-01-19T00:00:00", "datatype": "WSF2", "station": "GHCND:USW00003017", "attributes": ",,W,", "value": 13.0}, {"date": "2017-01-19T00:00:00", "datatype": "WSF5", "station": "GHCND:USW00003017", "attributes": ",,W,", "value": 15.0}, {"date": "2017-01-20T00:00:00", "datatype": "ADPT", "station": "GHCND:USW00003017", "attributes": ",,W,", "value": -33}, {"date": "2017-01-20T00:00:00", "datatype": "ASLP", "station": "GHCND:USW00003017", "attributes": ",,W,", "value": 9956}, {"date": "2017-01-20T00:00:00", "datatype": "ASTP", "station": "GHCND:USW00003017", "attributes": ",,W,", "value": 8151}, {"date": "2017-01-20T00:00:00", "datatype": "AWBT", "station": "GHCND:USW00003017", "attributes": ",,W,", "value": -6}, {"date": "2017-01-20T00:00:00", "datatype": "AWND", "station": "GHCND:USW00003017", "attributes": ",,W,", "value": 7.6}, {"date": "2017-01-20T00:00:00", "datatype": "PRCP", "station": "GHCND:USW00003017", "attributes": "T,,W,2400", "value": 0.0}, {"date": "2017-01-20T00:00:00", "datatype": "RHAV", "station": "GHCND:USW00003017", "attributes": ",,W,", "value": 72}, {"date": "2017-01-20T00:00:00", "datatype": "RHMN", "station": "GHCND:USW00003017", "attributes": ",,W,", "value": 52}, {"date": "2017-01-20T00:00:00", "datatype": "RHMX", "station": "GHCND:USW00003017", "attributes": ",,W,", "value": 88}, {"date": "2017-01-20T00:00:00", "datatype": "SNOW", "station": "GHCND:USW00003017", "attributes": "T,,W,", "value": 0.0}, {"date": "2017-01-20T00:00:00", "datatype": "SNWD", "station": "GHCND:USW00003017", "attributes": ",,W,", "value": 0.0}, {"date": "2017-01-20T00:00:00", "datatype": "TAVG", "station": "GHCND:USW00003017", "attributes": "H,,S,", "value": 36.0}, {"date": "2017-01-20T00:00:00", "datatype": "TMAX", "station": "GHCND:USW00003017", "attributes": ",,W,2400", "value": 45.0}, {"date": "2017-01-20T00:00:00", "datatype": "TMIN", "station": "GHCND:USW00003017", "attributes": ",,W,2400", "value": 26.0}, {"date": "2017-01-20T00:00:00", "datatype": "WDF2", "station": "GHCND:USW00003017", "attributes": ",,W,", "value": 150}, {"date": "2017-01-20T00:00:00", "datatype": "WDF5", "station": "GHCND:USW00003017", "attributes": ",,W,", "value": 180}, {"date": "2017-01-20T00:00:00", "datatype": "WSF2", "station": "GHCND:USW00003017", "attributes": ",,W,", "value": 14.1}, {"date": "2017-01-20T00:00:00", "datatype": "WSF5", "station": "GHCND:USW00003017", "attributes": ",,W,", "value": 16.1}, {"date": "2017-01-20T00:00:00", "datatype": "WT01", "station": "GHCND:USW00003017", "attributes": ",,W,", "value": 1}, {"date": "2017-01-21T00:00:00", "datatype": "ADPT", "station": "GHCND:USW00003017", "attributes": ",,W,", "value": -56}, {"date": "2017-01-21T00:00:00", "datatype": "ASLP", "station": "GHCND:USW00003017", "attributes": ",,W,", "value": 9976}, {"date": "2017-01-21T00:00:00", "datatype": "ASTP", "station": "GHCND:USW00003017", "attributes": ",,W,", "value": 8165}, {"date": "2017-01-21T00:00:00", "datatype": "AWBT", "station": "GHCND:USW00003017", "attributes": ",,W,", "value": -22}, {"date": "2017-01-21T00:00:00", "datatype": "AWND", "station": "GHCND:USW00003017", "attributes": ",,W,", "value": 6.5}, {"date": "2017-01-21T00:00:00", "datatype": "PRCP", "station": "GHCND:USW00003017", "attributes": ",,W,2400", "value": 0.0}, {"date": "2017-01-21T00:00:00", "datatype": "RHAV", "station": "GHCND:USW00003017", "attributes": ",,W,", "value": 70}, {"date": "2017-01-21T00:00:00", "datatype": "RHMN", "station": "GHCND:USW00003017", "attributes": ",,W,", "value": 49}, {"date": "2017-01-21T00:00:00", "datatype": "RHMX", "station": "GHCND:USW00003017", "attributes": ",,W,", "value": 85}, {"date": "2017-01-21T00:00:00", "datatype": "SNOW", "station": "GHCND:USW00003017", "attributes": ",,W,", "value": 0.0}, {"date": "2017-01-21T00:00:00", "datatype": "SNWD", "station": "GHCND:USW00003017", "attributes": ",,W,", "value": 0.0}, {"date": "2017-01-21T00:00:00", "datatype": "TAVG", "station": "GHCND:USW00003017", "attributes": "H,,S,", "value": 30.0}, {"date": "2017-01-21T00:00:00", "datatype": "TMAX", "station": "GHCND:USW00003017", "attributes": ",,W,2400", "value": 42.0}, {"date": "2017-01-21T00:00:00", "datatype": "TMIN", "station": "GHCND:USW00003017", "attributes": ",,W,2400", "value": 19.0}, {"date": "2017-01-21T00:00:00", "datatype": "WDF2", "station": "GHCND:USW00003017", "attributes": ",,W,", "value": 180}, {"date": "2017-01-21T00:00:00", "datatype": "WDF5", "station": "GHCND:USW00003017", "attributes": ",,W,", "value": 60}, {"date": "2017-01-21T00:00:00", "datatype": "WSF2", "station": "GHCND:USW00003017", "attributes": ",,W,", "value": 12.1}, {"date": "2017-01-21T00:00:00", "datatype": "WSF5", "station": "GHCND:USW00003017", "attributes": ",,W,", "value": 13.0}]}