Date,TAVG,TMAX,TMIN
2013-12-15,,,
2013-12-15,,,
2013-12-16,,,
2013-12-16,,,
2013-12-17,,,
2013-12-17,,,
2013-12-18,,,
2013-12-18,,,
2013-12-19,,,
2013-12-19,,,
2013-12-20,,,
2013-12-21,,,
2013-12-22,,,
2013-12-22,,,
2013-12-23,,,
2013-12-23,,,
2013-12-23,,,
2013-12-24,,,
2013-12-24,,,
2013-12-25,,,
2013-12-25,,,
2013-12-26,,,
2013-12-26,,,
2013-12-27,,,
2013-12-27,,,
2013-12-28,,,
2013-12-28,,,
2013-12-29,,,
2013-12-29,,,
2013-12-29,,,
2013-12-30,,,
2013-12-30,,,
2013-12-31,,,
2013-12-31,,,
2013-12-31,,,
2013-12-31,,,
2013-12-31,,,
2013-12-31,,,
2013-12-31,,,
2013-12-31,,,
2013-12-31,,,
2013-12-31,,,
2013-12-31,,,
2013-12-31,,,
2013-12-31,,,
2013-12-31,,,
2013-12-31,,,
2013-12-31,,,
2013-12-31,,,
2013-12-31,,,
2013-12-31,,,
2008-12-15,,,
2008-12-15,,,
2008-12-15,,,
2008-12-15,,,
2008-12-15,,,
2008-12-15,,,
2008-12-15,,,
2008-12-15,,,
2008-12-15,,,
2008-12-15,,,
2008-12-15,,,
2008-12-15,,,
2008-12-15,,,
2008-12-15,,,
2008-12-15,,,
2008-12-15,,,
2008-12-15,,,
2008-12-15,,,
2008-12-15,,,
2008-12-15,,,
2008-12-15,,,
2008-12-15,,,
2008-12-15,,,
2008-12-16,,,
2008-12-16,,,
2008-12-16,,,
2008-12-16,,,
2008-12-16,,,
2008-12-16,,,
2008-12-16,,,
2008-12-16,,,
2008-12-16,,,
2008-12-16,,,
2008-12-16,,,
2008-12-16,,,
2008-12-16,,,
2008-12-16,,,
2008-12-16,,,
2008-12-16,,,
2008-12-16,,,
2008-12-16,,,
2008-12-16,,,
2008-12-16,,,
2008-12-16,,,
2008-12-16,,,
2008-12-17,,,
2008-12-17,,,
2008-12-17,,,
2008-12-17,,,
2008-12-17,,,
2008-12-17,,,
2008-12-17,,,
2008-12-17,,,
2008-12-17,,,
2008-12-17,,,
2008-12-17,,,
2008-12-17,,,
2008-12-17,,,
2008-12-17,,,
2008-12-17,,,
2008-12-17,,,
2008-12-17,,,
2008-12-17,,,
2008-12-17,,,
2008-12-17,,,
2008-12-17,,,
2008-12-18,,,
2008-12-18,,,
2008-12-18,,,
2008-12-18,,,
2008-12-18,,,
2008-12-18,,,
2008-12-18,,,
2008-12-18,,,
2008-12-18,,,
2008-12-18,,,
2008-12-18,,,
2008-12-18,,,
2008-12-18,,,
2008-12-18,,,
2008-12-18,,,
2008-12-18,,,
2008-12-18,,,
2008-12-18,,,
2008-12-18,,,
2008-12-18,,,
2008-12-18,,,
2008-12-18,,,
2008-12-18,,,
2008-12-18,,,
2008-12-18,,,
2008-12-18,,,
2008-12-18,,,
2008-12-18,,,
2008-12-18,,,
2008-12-19,,,
2008-12-19,,,
2008-12-19,,,
2008-12-19,,,
2008-12-19,,,
2008-12-19,,,
2008-12-19,,,
2008-12-19,,,
2008-12-19,,,
2008-12-19,,,
2008-12-19,,,
2008-12-19,,,
2008-12-19,,,
2008-12-19,,,
2008-12-19,,,
2008-12-19,,,
2008-12-19,,,
2008-12-19,,,
2008-12-19,,,
2008-12-19,,,
2008-12-19,,,
2008-12-20,,,
2008-12-20,,,
2008-12-20,,,
2008-12-20,,,
2008-12-20,,,
2008-12-20,,,
2008-12-20,,,
2008-12-20,,,
2008-12-20,,,
2008-12-20,,,
2008-12-20,,,
2008-12-20,,,
2008-12-20,,,
2008-12-20,,,
2008-12-20,,,
2008-12-20,,,
2008-12-20,,,
2008-12-20,,,
2008-12-20,,,
2008-12-20,,,
2008-12-20,,,
2008-12-20,,,
2008-12-21,,,
2008-12-21,,,
2008-12-21,,,
2008-12-21,,,
2008-12-21,,,
2008-12-21,,,
2008-12-21,,,
2008-12-21,,,
2008-12-21,,,
2008-12-21,,,
2008-12-21,,,
2008-12-21,,,
2008-12-21,,,
2008-12-21,,,
2008-12-21,,,
2008-12-21,,,
2008-12-21,,,
2008-12-21,,,
2008-12-21,,,
2008-12-21,,,
2008-12-21,,,
2008-12-22,,,
2008-12-22,,,
2008-12-22,,,
2008-12-22,,,
2008-12-22,,,
2008-12-22,,,
2008-12-22,,,
2008-12-22,,,
2008-12-22,,,
2008-12-22,,,
2008-12-22,,,
2008-12-22,,,
2008-12-22,,,
2008-12-22,,,
2008-12-22,,,
2008-12-22,,,
2008-12-22,,,
2008-12-22,,,
2008-12-22,,,
2008-12-22,,,
2008-12-22,,,
2008-12-23,,,
2008-12-23,,,
2008-12-23,,,
2008-12-23,,,
2008-12-23,,,
2008-12-23,,,
2008-12-23,,,
2008-12-23,,,
2008-12-23,,,
2008-12-23,,,
2008-12-23,,,
2008-12-23,,,
2008-12-23,,,
2008-12-23,,,
2008-12-23,,,
2008-12-23,,,
2008-12-23,,,
2008-12-23,,,
2008-12-23,,,
2008-12-23,,,
2008-12-23,,,
2008-12-23,,,
2008-12-23,,,
2008-12-23,,,
2008-12-24,,,
2008-12-24,,,
2008-12-24,,,
2008-12-24,,,
2008-12-24,,,
2008-12-24,,,
2008-12-24,,,
2008-12-24,,,
2008-12-24,,,
2008-12-24,,,
2008-12-24,,,
2008-12-24,,,
2008-12-24,,,
2008-12-24,,,
2008-12-24,,,
2008-12-24,,,
2008-12-24,,,
2008-12-24,,,
2008-12-24,,,
2008-12-24,,,
2008-12-24,,,
2008-12-25,,,
2008-12-25,,,
2008-12-25,,,
2008-12-25,,,
2008-12-25,,,
2008-12-25,,,
2008-12-25,,,
2008-12-25,,,
2008-12-25,,,
2008-12-25,,,
2008-12-25,,,
2008-12-25,,,
2008-12-25,,,
2008-12-25,,,
2008-12-25,,,
2008-12-25,,,
2008-12-25,,,
2008-12-25,,,
2008-12-25,,,
2008-12-25,,,
2008-12-25,,,
2008-12-26,,,
2008-12-26,,,
2008-12-26,,,
2008-12-26,,,
2008-12-26,,,
2008-12-26,,,
2008-12-26,,,
2008-12-26,,,
2008-12-26,,,
2008-12-26,,,
2008-12-26,,,
2008-12-26,,,
2008-12-26,,,
2008-12-26,,,
2008-12-26,,,
2008-12-26,,,
2008-12-26,,,
2008-12-26,,,
2008-12-26,,,
2008-12-26,,,
2008-12-26,,,
2008-12-27,,,
2008-12-27,,,
2008-12-27,,,
2008-12-27,,,
2008-12-27,,,
2008-12-27,,,
2008-12-27,,,
2008-12-27,,,
2008-12-27,,,
2008-12-27,,,
2008-12-27,,,
2008-12-27,,,
2008-12-27,,,
2008-12-27,,,
2008-12-27,,,
2008-12-27,,,
2008-12-27,,,
2008-12-27,,,
2008-12-27,,,
2008-12-27,,,
2008-12-27,,,
2008-12-28,,,
2008-12-28,,,
2008-12-28,,,
2008-12-28,,,
2008-12-28,,,
2008-12-28,,,
2008-12-28,,,
2008-12-28,,,
2008-12-28,,,
2008-12-28,,,
2008-12-28,,,
2008-12-28,,,
2008-12-28,,,
2008-12-28,,,
2008-12-28,,,
2008-12-28,,,
2008-12-28,,,
2008-12-28,,,
2008-12-28,,,
2008-12-28,,,
2008-12-28,,,
2008-12-29,,,
2008-12-29,,,
2008-12-29,,,
2008-12-29,,,
2008-12-29,,,
2008-12-29,,,
2008-12-29,,,
2008-12-29,,,
2008-12-29,,,
2008-12-29,,,
2008-12-29,,,
2008-12-29,,,
2008-12-29,,,
2008-12-29,,,
2008-12-29,,,
2008-12-29,,,
2008-12-29,,,
2008-12-29,,,
2008-12-29,,,
2008-12-29,,,
2008-12-29,,,
2008-12-30,,,
2008-12-30,,,
2008-12-30,,,
2008-12-30,,,
2008-12-30,,,
2008-12-30,,,
2008-12-30,,,
2008-12-30,,,
2008-12-30,,,
2008-12-30,,,
2008-12-30,,,
2008-12-30,,,
2008-12-30,,,
2008-12-30,,,
2008-12-30,,,
2008-12-30,,,
2008-12-30,,,
2008-12-30,,,
2008-12-30,,,
2008-12-30,,,
2008-12-30,,,
2008-12-31,,,
2008-12-31,,,
2008-12-31,,,
2008-12-31,,,
2008-12-31,,,
2008-12-31,,,
2008-12-31,,,
2008-12-31,,,
2008-12-31,,,
2008-12-31,,,
2008-12-31,,,
2008-12-31,,,
2008-12-31,,,
2008-12-31,,,
2008-12-31,,,
2008-12-31,,,
2008-12-31,,,
2008-12-31,,,
2008-12-31,,,
2008-12-31,,,
2008-12-31,,,
2009-12-15,,,
2009-12-15,,,
2009-12-15,,,
2009-12-15,,,
2009-12-15,,,
2009-12-15,,,
2009-12-15,,,
2009-12-15,,,
2009-12-15,,,
2009-12-15,,,
2009-12-15,,,
2009-12-15,,,
2009-12-15,,,
2009-12-15,,,
2009-12-15,,,
2009-12-15,,,
2009-12-15,,,
2009-12-15,,,
2009-12-15,,,
2009-12-16,,,
2009-12-16,,,
2009-12-16,,,
2009-12-16,,,
2009-12-16,,,
2009-12-16,,,
2009-12-16,,,
2009-12-16,,,
2009-12-16,,,
2009-12-16,,,
2009-12-16,,,
2009-12-16,,,
2009-12-16,,,
2009-12-16,,,
2009-12-16,,,
2009-12-16,,,
2009-12-16,,,
2009-12-16,,,
2009-12-16,,,
2009-12-17,,,
2009-12-17,,,
2009-12-17,,,
2009-12-17,,,
2009-12-17,,,
2009-12-17,,,
2009-12-17,,,
2009-12-17,,,
2009-12-17,,,
2009-12-17,,,
2009-12-17,,,
2009-12-17,,,
2009-12-17,,,
2009-12-17,,,
2009-12-17,,,
2009-12-17,,,
2009-12-17,,,
2009-12-17,,,
2009-12-17,,,
2009-12-18,,,
2009-12-18,,,
2009-12-18,,,
2009-12-18,,,
2009-12-18,,,
2009-12-18,,,
2009-12-18,,,
2009-12-18,,,
2009-12-18,,,
2009-12-18,,,
2009-12-18,,,
2009-12-18,,,
2009-12-18,,,
2009-12-18,,,
2009-12-18,,,
2009-12-18,,,
2009-12-18,,,
2009-12-18,,,
2009-12-18,,,
2009-12-19,,,
2009-12-19,,,
2009-12-19,,,
2009-12-19,,,
2009-12-19,,,
2009-12-19,,,
2009-12-19,,,
2009-12-19,,,
2009-12-19,,,
2009-12-19,,,
2009-12-19,,,
2009-12-19,,,
2009-12-19,,,
2009-12-19,,,
2009-12-19,,,
2009-12-19,,,
2009-12-19,,,
2009-12-19,,,
2009-12-19,,,
2009-12-20,,,
2009-12-20,,,
2009-12-20,,,
2009-12-20,,,
2009-12-20,,,
2009-12-20,,,
2009-12-20,,,
2009-12-20,,,
2009-12-20,,,
2009-12-20,,,
2009-12-20,,,
2009-12-20,,,
2009-12-20,,,
2009-12-20,,,
2009-12-20,,,
2009-12-20,,,
2009-12-20,,,
2009-12-20,,,
2009-12-20,,,
2009-12-21,,,
2009-12-21,,,
2009-12-21,,,
2009-12-21,,,
2009-12-21,,,
2009-12-21,,,
2009-12-21,,,
2009-12-21,,,
2009-12-21,,,
2009-12-21,,,
2009-12-21,,,
2009-12-21,,,
2009-12-21,,,
2009-12-21,,,
2009-12-21,,,
2009-12-21,,,
2009-12-21,,,
2009-12-21,,,
2009-12-21,,,
2009-12-22,,,
2009-12-22,,,
2009-12-22,,,
2009-12-22,,,
2009-12-22,,,
2009-12-22,,,
2009-12-22,,,
2009-12-22,,,
2009-12-22,,,
2009-12-22,,,
2009-12-22,,,
2009-12-22,,,
2009-12-22,,,
2009-12-22,,,
2009-12-22,,,
2009-12-22,,,
2009-12-22,,,
2009-12-22,,,
2009-12-22,,,
2009-12-22,,,
2009-12-22,,,
2009-12-22,,,
2009-12-22,,,
2009-12-23,,,
2009-12-23,,,
2009-12-23,,,
2009-12-23,,,
2009-12-23,,,
2009-12-23,,,
2009-12-23,,,
2009-12-23,,,
2009-12-23,,,
2009-12-23,,,
2009-12-23,,,
2009-12-23,,,
2009-12-23,,,
2009-12-23,,,
2009-12-23,,,
2009-12-23,,,
2009-12-23,,,
2009-12-23,,,
2009-12-23,,,
2009-12-23,,,
2009-12-23,,,
2009-12-23,,,
2009-12-23,,,
2009-12-24,,,
2009-12-24,,,
2009-12-24,,,
2009-12-24,,,
2009-12-24,,,
2009-12-24,,,
2009-12-24,,,
2009-12-24,,,
2009-12-24,,,
2009-12-24,,,
2009-12-24,,,
2009-12-24,,,
2009-12-24,,,
2009-12-24,,,
2009-12-24,,,
2009-12-24,,,
2009-12-24,,,
2009-12-24,,,
2009-12-24,,,
2009-12-24,,,
2009-12-24,,,
2009-12-24,,,
2009-12-24,,,
2009-12-25,,,
2009-12-25,,,
2009-12-25,,,
2009-12-25,,,
2009-12-25,,,
2009-12-25,,,
2009-12-25,,,
2009-12-25,,,
2009-12-25,,,
2009-12-25,,,
2009-12-25,,,
2009-12-25,,,
2009-12-25,,,
2009-12-25,,,
2009-12-25,,,
2009-12-25,,,
2009-12-25,,,
2009-12-25,,,
2009-12-25,,,
2009-12-25,,,
2009-12-25,,,
2009-12-26,,,
2009-12-26,,,
2009-12-26,,,
2009-12-26,,,
2009-12-26,,,
2009-12-26,,,
2009-12-26,,,
2009-12-26,,,
2009-12-26,,,
2009-12-26,,,
2009-12-26,,,
2009-12-26,,,
2009-12-26,,,
2009-12-26,,,
2009-12-26,,,
2009-12-26,,,
2009-12-26,,,
2009-12-26,,,
2009-12-26,,,
2009-12-26,,,
2009-12-26,,,
2009-12-26,,,
2009-12-26,,,
2009-12-26,,,
2009-12-26,,,
2009-12-26,,,
2009-12-26,,,
2009-12-27,,,
2009-12-27,,,
2009-12-27,,,
2009-12-27,,,
2009-12-27,,,
2009-12-27,,,
2009-12-27,,,
2009-12-27,,,
2009-12-27,,,
2009-12-27,,,
2009-12-27,,,
2009-12-27,,,
2009-12-27,,,
2009-12-27,,,
2009-12-27,,,
2009-12-27,,,
2009-12-27,,,
2009-12-27,,,
2009-12-27,,,
2009-12-28,,,
2009-12-28,,,
2009-12-28,,,
2009-12-28,,,
2009-12-28,,,
2009-12-28,,,
2009-12-28,,,
2009-12-28,,,
2009-12-28,,,
2009-12-28,,,
2009-12-28,,,
2009-12-28,,,
2009-12-28,,,
2009-12-28,,,
2009-12-28,,,
2009-12-28,,,
2009-12-28,,,
2009-12-28,,,
2009-12-28,,,
2009-12-29,,,
2009-12-29,,,
2009-12-29,,,
2009-12-29,,,
2009-12-29,,,
2009-12-29,,,
2009-12-29,,,
2009-12-29,,,
2009-12-29,,,
2009-12-29,,,
2009-12-29,,,
2009-12-29,,,
2009-12-29,,,
2009-12-29,,,
2009-12-29,,,
2009-12-29,,,
2009-12-29,,,
2009-12-29,,,
2009-12-29,,,
2009-12-29,,,
2009-12-29,,,
2009-12-30,,,
2009-12-30,,,
2009-12-30,,,
2009-12-30,,,
2009-12-30,,,
2009-12-30,,,
2009-12-30,,,
2009-12-30,,,
2009-12-30,,,
2009-12-30,,,
2009-12-30,,,
2009-12-30,,,
2009-12-30,,,
2009-12-30,,,
2009-12-30,,,
2009-12-30,,,
2009-12-30,,,
2009-12-30,,,
2009-12-30,,,
2009-12-31,,,
2009-12-31,,,
2009-12-31,,,
2009-12-31,,,
2009-12-31,,,
2009-12-31,,,
2009-12-31,,,
2009-12-31,,,
2009-12-31,,,
2009-12-31,,,
2009-12-31,,,
2009-12-31,,,
2009-12-31,,,
2009-12-31,,,
2009-12-31,,,
2009-12-31,,,
2009-12-31,,,
2009-12-31,,,
2009-12-31,,,
2009-12-31,,,
2009-12-31,,,
2009-12-31,,,
2018-12-15,,,
2018-12-15,,,
2018-12-15,,,
2018-12-15,,,
2018-12-15,,,
2018-12-15,,,
2018-12-15,,,
2018-12-15,,,
2018-12-15,,,
2018-12-15,,,
2018-12-15,,,
2018-12-15,,,
2018-12-15,,,
2018-12-15,,,
2018-12-15,,,
2018-12-15,,,
2018-12-15,,,
2018-12-15,,,
2018-12-16,,,
2018-12-16,,,
2018-12-16,,,
2018-12-16,,,
2018-12-16,,,
2018-12-16,,,
2018-12-16,,,
2018-12-16,,,
2018-12-16,,,
2018-12-16,,,
2018-12-16,,,
2018-12-16,,,
2018-12-16,,,
2018-12-16,,,
2018-12-16,,,
2018-12-16,,,
2018-12-16,,,
2018-12-16,,,
2018-12-17,,,
2018-12-17,,,
2018-12-17,,,
2018-12-17,,,
2018-12-17,,,
2018-12-17,,,
2018-12-17,,,
2018-12-17,,,
2018-12-17,,,
2018-12-17,,,
2018-12-17,,,
2018-12-17,,,
2018-12-17,,,
2018-12-17,,,
2018-12-17,,,
2018-12-17,,,
2018-12-17,,,
2018-12-17,,,
2018-12-18,,,
2018-12-18,,,
2018-12-18,,,
2018-12-18,,,
2018-12-18,,,
2018-12-18,,,
2018-12-18,,,
2018-12-18,,,
2018-12-18,,,
2018-12-18,,,
2018-12-18,,,
2018-12-18,,,
2018-12-18,,,
2018-12-18,,,
2018-12-18,,,
2018-12-18,,,
2018-12-18,,,
2018-12-18,,,
2018-12-19,,,
2018-12-19,,,
2018-12-19,,,
2018-12-19,,,
2018-12-19,,,
2018-12-19,,,
2018-12-19,,,
2018-12-19,,,
2018-12-19,,,
2018-12-19,,,
2018-12-19,,,
2018-12-19,,,
2018-12-19,,,
2018-12-19,,,
2018-12-19,,,
2018-12-19,,,
2018-12-19,,,
2018-12-19,,,
2018-12-20,,,
2018-12-20,,,
2018-12-20,,,
2018-12-20,,,
2018-12-20,,,
2018-12-20,,,
2018-12-20,,,
2018-12-20,,,
2018-12-20,,,
2018-12-20,,,
2018-12-20,,,
2018-12-20,,,
2018-12-20,,,
2018-12-20,,,
2018-12-20,,,
2018-12-20,,,
2018-12-20,,,
2018-12-20,,,
2018-12-21,,,
2018-12-21,,,
2018-12-21,,,
2018-12-21,,,
2018-12-21,,,
2018-12-21,,,
2018-12-21,,,
2018-12-21,,,
2018-12-21,,,
2018-12-21,,,
2018-12-21,,,
2018-12-21,,,
2018-12-21,,,
2018-12-21,,,
2018-12-21,,,
2018-12-21,,,
2018-12-21,,,
2018-12-21,,,
2018-12-22,,,
2018-12-22,,,
2018-12-22,,,
2018-12-22,,,
2018-12-22,,,
2018-12-22,,,
2018-12-22,,,
2018-12-22,,,
2018-12-22,,,
2018-12-22,,,
2018-12-22,,,
2018-12-22,,,
2018-12-22,,,
2018-12-22,,,
2018-12-22,,,
2018-12-22,,,
2018-12-22,,,
2018-12-22,,,
2018-12-23,,,
2018-12-23,,,
2018-12-23,,,
2018-12-23,,,
2018-12-23,,,
2018-12-23,,,
2018-12-23,,,
2018-12-23,,,
2018-12-23,,,
2018-12-23,,,
2018-12-23,,,
2018-12-23,,,
2018-12-23,,,
2018-12-23,,,
2018-12-23,,,
2018-12-23,,,
2018-12-23,,,
2018-12-23,,,
2018-12-24,,,
2018-12-24,,,
2018-12-24,,,
2018-12-24,,,
2018-12-24,,,
2018-12-24,,,
2018-12-24,,,
2018-12-24,,,
2018-12-24,,,
2018-12-24,,,
2018-12-24,,,
2018-12-24,,,
2018-12-24,,,
2018-12-24,,,
2018-12-24,,,
2018-12-24,,,
2018-12-24,,,
2018-12-24,,,
2018-12-25,,,
2018-12-25,,,
2018-12-25,,,
2018-12-25,,,
2018-12-25,,,
2018-12-25,,,
2018-12-25,,,
2018-12-25,,,
2018-12-25,,,
2018-12-25,,,
2018-12-25,,,
2018-12-25,,,
2018-12-25,,,
2018-12-25,,,
2018-12-25,,,
2018-12-25,,,
2018-12-25,,,
2018-12-25,,,
2018-12-26,,,
2018-12-26,,,
2018-12-26,,,
2018-12-26,,,
2018-12-26,,,
2018-12-26,,,
2018-12-26,,,
2018-12-26,,,
2018-12-26,,,
2018-12-26,,,
2018-12-26,,,
2018-12-26,,,
2018-12-26,,,
2018-12-26,,,
2018-12-26,,,
2018-12-26,,,
2018-12-26,,,
2018-12-26,,,
2018-12-26,,,
2018-12-27,,,
2018-12-27,,,
2018-12-27,,,
2018-12-27,,,
2018-12-27,,,
2018-12-27,,,
2018-12-27,,,
2018-12-27,,,
2018-12-27,,,
2018-12-27,,,
2018-12-27,,,
2018-12-27,,,
2018-12-27,,,
2018-12-27,,,
2018-12-27,,,
2018-12-27,,,
2018-12-27,,,
2018-12-27,,,
2018-12-28,,,
2018-12-28,,,
2018-12-28,,,
2018-12-28,,,
2018-12-28,,,
2018-12-28,,,
2018-12-28,,,
2018-12-28,,,
2018-12-28,,,
2018-12-28,,,
2018-12-28,,,
2018-12-28,,,
2018-12-28,,,
2018-12-28,,,
2018-12-28,,,
2018-12-28,,,
2018-12-28,,,
2018-12-28,,,
2018-12-29,,,
2018-12-29,,,
2018-12-29,,,
2018-12-29,,,
2018-12-29,,,
2018-12-29,,,
2018-12-29,,,
2018-12-29,,,
2018-12-29,,,
2018-12-29,,,
2018-12-29,,,
2018-12-29,,,
2018-12-29,,,
2018-12-29,,,
2018-12-29,,,
2018-12-29,,,
2018-12-29,,,
2018-12-29,,,
2018-12-30,,,
2018-12-30,,,
2018-12-30,,,
2018-12-30,,,
2018-12-30,,,
2018-12-30,,,
2018-12-30,,,
2018-12-30,,,
2018-12-30,,,
2018-12-30,,,
2018-12-30,,,
2018-12-30,,,
2018-12-30,,,
2018-12-30,,,
2018-12-30,,,
2018-12-30,,,
2018-12-30,,,
2018-12-30,,,
2018-12-31,,,
2018-12-31,,,
2018-12-31,,,
2018-12-31,,,
2018-12-31,,,
2018-12-31,,,
2018-12-31,,,
2018-12-31,,,
2018-12-31,,,
2018-12-31,,,
2018-12-31,,,
2018-12-31,,,
2018-12-31,,,
2018-12-31,,,
2018-12-31,,,
2018-12-31,,,
2018-12-31,,,
2018-12-31,,,
2018-12-31,,,
2022-01-01,,,
2022-01-01,,,
2022-01-01,,,
2022-01-01,,,
2022-01-01,,,
2022-01-01,,,
2022-01-01,,,
2022-01-01,,,
2022-01-01,,,
2022-01-01,,,
2022-01-01,,,
2022-01-01,,,
2022-01-01,,,
2022-01-01,,,
2022-01-01,,,
2022-01-01,,,
2022-01-01,,,
2022-01-01,,,
2022-01-01,,,
2022-01-02,,,
2022-01-02,,,
2022-01-02,,,
2022-01-02,,,
2022-01-02,,,
2022-01-02,,,
2022-01-02,,,
2022-01-02,,,
2022-01-02,,,
2022-01-02,,,
2022-01-02,,,
2022-01-02,,,
2022-01-02,,,
2022-01-02,,,
2022-01-02,,,
2022-01-02,,,
2022-01-02,,,
2022-01-02,,,
2022-01-03,,,
2022-01-03,,,
2022-01-03,,,
2022-01-03,,,
2022-01-03,,,
2022-01-03,,,
2022-01-03,,,
2022-01-03,,,
2022-01-03,,,
2022-01-03,,,
2022-01-03,,,
2022-01-03,,,
2022-01-03,,,
2022-01-03,,,
2022-01-03,,,
2022-01-03,,,
2022-01-03,,,
2022-01-03,,,
2022-01-04,,,
2022-01-04,,,
2022-01-04,,,
2022-01-04,,,
2022-01-04,,,
2022-01-04,,,
2022-01-04,,,
2022-01-04,,,
2022-01-04,,,
2022-01-04,,,
2022-01-04,,,
2022-01-04,,,
2022-01-04,,,
2022-01-04,,,
2022-01-04,,,
2022-01-04,,,
2022-01-04,,,
2022-01-04,,,
2022-01-05,,,
2022-01-05,,,
2022-01-05,,,
2022-01-05,,,
2022-01-05,,,
2022-01-05,,,
2022-01-05,,,
2022-01-05,,,
2022-01-05,,,
2022-01-05,,,
2022-01-05,,,
2022-01-05,,,
2022-01-05,,,
2022-01-05,,,
2022-01-05,,,
2022-01-05,,,
2022-01-05,,,
2022-01-05,,,
2022-01-05,,,
2022-01-06,,,
2022-01-06,,,
2022-01-06,,,
2022-01-06,,,
2022-01-06,,,
2022-01-06,,,
2022-01-06,,,
2022-01-06,,,
2022-01-06,,,
2022-01-06,,,
2022-01-06,,,
2022-01-06,,,
2022-01-06,,,
2022-01-06,,,
2022-01-06,,,
2022-01-06,,,
2022-01-06,,,
2022-01-06,,,
2022-01-06,,,
2022-01-07,,,
2022-01-07,,,
2022-01-07,,,
2022-01-07,,,
2022-01-07,,,
2022-01-07,,,
2022-01-07,,,
2022-01-07,,,
2022-01-07,,,
2022-01-07,,,
2022-01-07,,,
2022-01-07,,,
2022-01-07,,,
2022-01-07,,,
2022-01-07,,,
2022-01-07,,,
2022-01-07,,,
2022-01-07,,,
2022-01-08,,,
2022-01-08,,,
2022-01-08,,,
2022-01-08,,,
2022-01-08,,,
2022-01-08,,,
2022-01-08,,,
2022-01-08,,,
2022-01-08,,,
2022-01-08,,,
2022-01-08,,,
2022-01-08,,,
2022-01-08,,,
2022-01-08,,,
2022-01-08,,,
2022-01-08,,,
2022-01-08,,,
2022-01-08,,,
2022-01-09,,,
2022-01-09,,,
2022-01-09,,,
2022-01-09,,,
2022-01-09,,,
2022-01-09,,,
2022-01-09,,,
2022-01-09,,,
2022-01-09,,,
2022-01-09,,,
2022-01-09,,,
2022-01-09,,,
2022-01-09,,,
2022-01-09,,,
2022-01-09,,,
2022-01-09,,,
2022-01-09,,,
2022-01-09,,,
2022-01-09,,,
2022-01-09,,,
2022-01-10,,,
2022-01-10,,,
2022-01-10,,,
2022-01-10,,,
2022-01-10,,,
2022-01-10,,,
2022-01-10,,,
2022-01-10,,,
2022-01-10,,,
2022-01-10,,,
2022-01-10,,,
2022-01-10,,,
2022-01-10,,,
2022-01-10,,,
2022-01-10,,,
2022-01-10,,,
2022-01-10,,,
2022-01-10,,,
2022-01-11,,,
2022-01-11,,,
2022-01-11,,,
2022-01-11,,,
2022-01-11,,,
2022-01-11,,,
2022-01-11,,,
2022-01-11,,,
2022-01-11,,,
2022-01-11,,,
2022-01-11,,,
2022-01-11,,,
2022-01-11,,,
2022-01-11,,,
2022-01-11,,,
2022-01-11,,,
2022-01-11,,,
2022-01-11,,,
2022-01-12,,,
2022-01-12,,,
2022-01-12,,,
2022-01-12,,,
2022-01-12,,,
2022-01-12,,,
2022-01-12,,,
2022-01-12,,,
2022-01-12,,,
2022-01-12,,,
2022-01-12,,,
2022-01-12,,,
2022-01-12,,,
2022-01-12,,,
2022-01-12,,,
2022-01-12,,,
2022-01-12,,,
2022-01-12,,,
2022-01-13,,,
2022-01-13,,,
2022-01-13,,,
2022-01-13,,,
2022-01-13,,,
2022-01-13,,,
2022-01-13,,,
2022-01-13,,,
2022-01-13,,,
2022-01-13,,,
2022-01-13,,,
2022-01-13,,,
2022-01-13,,,
2022-01-13,,,
2022-01-13,,,
2022-01-13,,,
2022-01-13,,,
2022-01-13,,,
2022-01-14,,,
2022-01-14,,,
2022-01-14,,,
2022-01-14,,,
2022-01-14,,,
2022-01-14,,,
2022-01-14,,,
2022-01-14,,,
2022-01-14,,,
2022-01-14,,,
2022-01-14,,,
2022-01-14,,,
2022-01-14,,,
2022-01-14,,,
2022-01-14,,,
2022-01-14,,,
2022-01-14,,,
2022-01-14,,,
2022-01-15,,,
2022-01-15,,,
2022-01-15,,,
2022-01-15,,,
2022-01-15,,,
2022-01-15,,,
2022-01-15,,,
2022-01-15,,,
2022-01-15,,,
2022-01-15,,,
2022-01-15,,,
2022-01-15,,,
2022-01-15,,,
2022-01-15,,,
2022-01-15,,,
2022-01-15,,,
2022-01-15,,,
2022-01-15,,,
2022-01-16,,,
2022-01-16,,,
2022-01-16,,,
2022-01-16,,,
2022-01-16,,,
2022-01-16,,,
2022-01-16,,,
2022-01-16,,,
2022-01-16,,,
2022-01-16,,,
2022-01-16,,,
2022-01-16,,,
2022-01-16,,,
2022-01-16,,,
2022-01-16,,,
2022-01-16,,,
2022-01-16,,,
2022-01-16,,,
2022-01-17,,,
2022-01-17,,,
2022-01-17,,,
2022-01-17,,,
2022-01-17,,,
2022-01-17,,,
2022-01-17,,,
2022-01-17,,,
2022-01-17,,,
2022-01-17,,,
2022-01-17,,,
2022-01-17,,,
2022-01-17,,,
2022-01-17,,,
2022-01-17,,,
2022-01-17,,,
2022-01-17,,,
2022-01-17,,,
2022-01-18,,,
2022-01-18,,,
2022-01-18,,,
2022-01-18,,,
2022-01-18,,,
2022-01-18,,,
2022-01-18,,,
2022-01-18,,,
2022-01-18,,,
2022-01-18,,,
2022-01-18,,,
2022-01-18,,,
2022-01-18,,,
2022-01-18,,,
2022-01-18,,,
2022-01-18,,,
2022-01-18,,,
2022-01-18,,,
2022-01-19,,,
2022-01-19,,,
2022-01-19,,,
2022-01-19,,,
2022-01-19,,,
2022-01-19,,,
2022-01-19,,,
2022-01-19,,,
2022-01-19,,,
2022-01-19,,,
2022-01-19,,,
2022-01-19,,,
2022-01-19,,,
2022-01-19,,,
2022-01-19,,,
2022-01-19,,,
2022-01-19,,,
2022-01-19,,,
2022-01-19,,,
2022-01-19,,,
2022-01-19,,,
2022-01-20,,,
2022-01-20,,,
2022-01-20,,,
2022-01-20,,,
2022-01-20,,,
2022-01-20,,,
2022-01-20,,,
2022-01-20,,,
2022-01-20,,,
2022-01-20,,,
2022-01-20,,,
2022-01-20,,,
2022-01-20,,,
2022-01-20,,,
2022-01-20,,,
2022-01-20,,,
2022-01-20,,,
2022-01-20,,,
2022-01-20,,,
2022-01-20,,,
2022-01-20,,,
2022-01-21,,,
2022-01-21,,,
2022-01-21,,,
2022-01-21,,,
2022-01-21,,,
2022-01-21,,,
2022-01-21,,,
2022-01-21,,,
2022-01-21,,,
2022-01-21,,,
2022-01-21,,,
2022-01-21,,,
2022-01-21,,,
2022-01-21,,,
2022-01-21,,,
2022-01-21,,,
2022-01-21,,,
2022-01-21,,,
2022-01-21,,,
2016-12-15,,,
2016-12-15,,,
2016-12-15,,,
2016-12-15,,,
2016-12-15,,,
2016-12-15,,,
2016-12-15,,,
2016-12-15,,,
2016-12-15,,,
2016-12-15,,,
2016-12-15,,,
2016-12-15,,,
2016-12-15,,,
2016-12-15,,,
2016-12-15,,,
2016-12-15,,,
2016-12-15,,,
2016-12-15,,,
2016-12-16,,,
2016-12-16,,,
2016-12-16,,,
2016-12-16,,,
2016-12-16,,,
2016-12-16,,,
2016-12-16,,,
2016-12-16,,,
2016-12-16,,,
2016-12-16,,,
2016-12-16,,,
2016-12-16,,,
2016-12-16,,,
2016-12-16,,,
2016-12-16,,,
2016-12-16,,,
2016-12-16,,,
2016-12-16,,,
2016-12-16,,,
2016-12-16,,,
2016-12-16,,,
2016-12-17,,,
2016-12-17,,,
2016-12-17,,,
2016-12-17,,,
2016-12-17,,,
2016-12-17,,,
2016-12-17,,,
2016-12-17,,,
2016-12-17,,,
2016-12-17,,,
2016-12-17,,,
2016-12-17,,,
2016-12-17,,,
2016-12-17,,,
2016-12-17,,,
2016-12-17,,,
2016-12-17,,,
2016-12-17,,,
2016-12-17,,,
2016-12-17,,,
2016-12-18,,,
2016-12-18,,,
2016-12-18,,,
2016-12-18,,,
2016-12-18,,,
2016-12-18,,,
2016-12-18,,,
2016-12-18,,,
2016-12-18,,,
2016-12-18,,,
2016-12-18,,,
2016-12-18,,,
2016-12-18,,,
2016-12-18,,,
2016-12-18,,,
2016-12-18,,,
2016-12-18,,,
2016-12-18,,,
2016-12-19,,,
2016-12-19,,,
2016-12-19,,,
2016-12-19,,,
2016-12-19,,,
2016-12-19,,,
2016-12-19,,,
2016-12-19,,,
2016-12-19,,,
2016-12-19,,,
2016-12-19,,,
2016-12-19,,,
2016-12-19,,,
2016-12-19,,,
2016-12-19,,,
2016-12-19,,,
2016-12-19,,,
2016-12-19,,,
2016-12-20,,,
2016-12-20,,,
2016-12-20,,,
2016-12-20,,,
2016-12-20,,,
2016-12-20,,,
2016-12-20,,,
2016-12-20,,,
2016-12-20,,,
2016-12-20,,,
2016-12-20,,,
2016-12-20,,,
2016-12-20,,,
2016-12-20,,,
2016-12-20,,,
2016-12-20,,,
2016-12-20,,,
2016-12-20,,,
2016-12-21,,,
2016-12-21,,,
2016-12-21,,,
2016-12-21,,,
2016-12-21,,,
2016-12-21,,,
2016-12-21,,,
2016-12-21,,,
2016-12-21,,,
2016-12-21,,,
2016-12-21,,,
2016-12-21,,,
2016-12-21,,,
2016-12-21,,,
2016-12-21,,,
2016-12-21,,,
2016-12-21,,,
2016-12-21,,,
2016-12-22,,,
2016-12-22,,,
2016-12-22,,,
2016-12-22,,,
2016-12-22,,,
2016-12-22,,,
2016-12-22,,,
2016-12-22,,,
2016-12-22,,,
2016-12-22,,,
2016-12-22,,,
2016-12-22,,,
2016-12-22,,,
2016-12-22,,,
2016-12-22,,,
2016-12-22,,,
2016-12-22,,,
2016-12-22,,,
2016-12-23,,,
2016-12-23,,,
2016-12-23,,,
2016-12-23,,,
2016-12-23,,,
2016-12-23,,,
2016-12-23,,,
2016-12-23,,,
2016-12-23,,,
2016-12-23,,,
2016-12-23,,,
2016-12-23,,,
2016-12-23,,,
2016-12-23,,,
2016-12-23,,,
2016-12-23,,,
2016-12-23,,,
2016-12-23,,,
2016-12-24,,,
2016-12-24,,,
2016-12-24,,,
2016-12-24,,,
2016-12-24,,,
2016-12-24,,,
2016-12-24,,,
2016-12-24,,,
2016-12-24,,,
2016-12-24,,,
2016-12-24,,,
2016-12-24,,,
2016-12-24,,,
2016-12-24,,,
2016-12-24,,,
2016-12-24,,,
2016-12-24,,,
2016-12-24,,,
2016-12-25,,,
2016-12-25,,,
2016-12-25,,,
2016-12-25,,,
2016-12-25,,,
2016-12-25,,,
2016-12-25,,,
2016-12-25,,,
2016-12-25,,,
2016-12-25,,,
2016-12-25,,,
2016-12-25,,,
2016-12-25,,,
2016-12-25,,,
2016-12-25,,,
2016-12-25,,,
2016-12-25,,,
2016-12-25,,,
2016-12-25,,,
2016-12-25,,,
2016-12-26,,,
2016-12-26,,,
2016-12-26,,,
2016-12-26,,,
2016-12-26,,,
2016-12-26,,,
2016-12-26,,,
2016-12-26,,,
2016-12-26,,,
2016-12-26,,,
2016-12-26,,,
2016-12-26,,,
2016-12-26,,,
2016-12-26,,,
2016-12-26,,,
2016-12-26,,,
2016-12-26,,,
2016-12-26,,,
2016-12-27,,,
2016-12-27,,,
2016-12-27,,,
2016-12-27,,,
2016-12-27,,,
2016-12-27,,,
2016-12-27,,,
2016-12-27,,,
2016-12-27,,,
2016-12-27,,,
2016-12-27,,,
2016-12-27,,,
2016-12-27,,,
2016-12-27,,,
2016-12-27,,,
2016-12-27,,,
2016-12-27,,,
2016-12-27,,,
2016-12-28,,,
2016-12-28,,,
2016-12-28,,,
2016-12-28,,,
2016-12-28,,,
2016-12-28,,,
2016-12-28,,,
2016-12-28,,,
2016-12-28,,,
2016-12-28,,,
2016-12-28,,,
2016-12-28,,,
2016-12-28,,,
2016-12-28,,,
2016-12-28,,,
2016-12-28,,,
2016-12-28,,,
2016-12-28,,,
2016-12-29,,,
2016-12-29,,,
2016-12-29,,,
2016-12-29,,,
2016-12-29,,,
2016-12-29,,,
2016-12-29,,,
2016-12-29,,,
2016-12-29,,,
2016-12-29,,,
2016-12-29,,,
2016-12-29,,,
2016-12-29,,,
2016-12-29,,,
2016-12-29,,,
2016-12-29,,,
2016-12-29,,,
2016-12-29,,,
2016-12-30,,,
2016-12-30,,,
2016-12-30,,,
2016-12-30,,,
2016-12-30,,,
2016-12-30,,,
2016-12-30,,,
2016-12-30,,,
2016-12-30,,,
2016-12-30,,,
2016-12-30,,,
2016-12-30,,,
2016-12-30,,,
2016-12-30,,,
2016-12-30,,,
2016-12-30,,,
2016-12-30,,,
2016-12-30,,,
2016-12-31,,,
2016-12-31,,,
2016-12-31,,,
2016-12-31,,,
2016-12-31,,,
2016-12-31,,,
2016-12-31,,,
2016-12-31,,,
2016-12-31,,,
2016-12-31,,,
2016-12-31,,,
2016-12-31,,,
2016-12-31,,,
2016-12-31,,,
2016-12-31,,,
2016-12-31,,,
2016-12-31,,,
2016-12-31,,,
2020-12-15,,,
2020-12-15,,,
2020-12-15,,,
2020-12-15,,,
2020-12-15,,,
2020-12-15,,,
2020-12-15,,,
2020-12-15,,,
2020-12-15,,,
2020-12-15,,,
2020-12-15,,,
2020-12-15,,,
2020-12-15,,,
2020-12-15,,,
2020-12-15,,,
2020-12-15,,,
2020-12-15,,,
2020-12-15,,,
2020-12-15,,,
2020-12-16,,,
2020-12-16,,,
2020-12-16,,,
2020-12-16,,,
2020-12-16,,,
2020-12-16,,,
2020-12-16,,,
2020-12-16,,,
2020-12-16,,,
2020-12-16,,,
2020-12-16,,,
2020-12-16,,,
2020-12-16,,,
2020-12-16,,,
2020-12-16,,,
2020-12-16,,,
2020-12-16,,,
2020-12-16,,,
2020-12-17,,,
2020-12-17,,,
2020-12-17,,,
2020-12-17,,,
2020-12-17,,,
2020-12-17,,,
2020-12-17,,,
2020-12-17,,,
2020-12-17,,,
2020-12-17,,,
2020-12-17,,,
2020-12-17,,,
2020-12-17,,,
2020-12-17,,,
2020-12-17,,,
2020-12-17,,,
2020-12-17,,,
2020-12-17,,,
2020-12-18,,,
2020-12-18,,,
2020-12-18,,,
2020-12-18,,,
2020-12-18,,,
2020-12-18,,,
2020-12-18,,,
2020-12-18,,,
2020-12-18,,,
2020-12-18,,,
2020-12-18,,,
2020-12-18,,,
2020-12-18,,,
2020-12-18,,,
2020-12-18,,,
2020-12-18,,,
2020-12-18,,,
2020-12-18,,,
2020-12-18,,,
2020-12-19,,,
2020-12-19,,,
2020-12-19,,,
2020-12-19,,,
2020-12-19,,,
2020-12-19,,,
2020-12-19,,,
2020-12-19,,,
2020-12-19,,,
2020-12-19,,,
2020-12-19,,,
2020-12-19,,,
2020-12-19,,,
2020-12-19,,,
2020-12-19,,,
2020-12-19,,,
2020-12-19,,,
2020-12-19,,,
2020-12-20,,,
2020-12-20,,,
2020-12-20,,,
2020-12-20,,,
2020-12-20,,,
2020-12-20,,,
2020-12-20,,,
2020-12-20,,,
2020-12-20,,,
2020-12-20,,,
2020-12-20,,,
2020-12-20,,,
2020-12-20,,,
2020-12-20,,,
2020-12-20,,,
2020-12-20,,,
2020-12-20,,,
2020-12-20,,,
2020-12-21,,,
2020-12-21,,,
2020-12-21,,,
2020-12-21,,,
2020-12-21,,,
2020-12-21,,,
2020-12-21,,,
2020-12-21,,,
2020-12-21,,,
2020-12-21,,,
2020-12-21,,,
2020-12-21,,,
2020-12-21,,,
2020-12-21,,,
2020-12-21,,,
2020-12-21,,,
2020-12-21,,,
2020-12-21,,,
2020-12-22,,,
2020-12-22,,,
2020-12-22,,,
2020-12-22,,,
2020-12-22,,,
2020-12-22,,,
2020-12-22,,,
2020-12-22,,,
2020-12-22,,,
2020-12-22,,,
2020-12-22,,,
2020-12-22,,,
2020-12-22,,,
2020-12-22,,,
2020-12-22,,,
2020-12-22,,,
2020-12-22,,,
2020-12-22,,,
2020-12-23,,,
2020-12-23,,,
2020-12-23,,,
2020-12-23,,,
2020-12-23,,,
2020-12-23,,,
2020-12-23,,,
2020-12-23,,,
2020-12-23,,,
2020-12-23,,,
2020-12-23,,,
2020-12-23,,,
2020-12-23,,,
2020-12-23,,,
2020-12-23,,,
2020-12-23,,,
2020-12-23,,,
2020-12-23,,,
2020-12-24,,,
2020-12-24,,,
2020-12-24,,,
2020-12-24,,,
2020-12-24,,,
2020-12-24,,,
2020-12-24,,,
2020-12-24,,,
2020-12-24,,,
2020-12-24,,,
2020-12-24,,,
2020-12-24,,,
2020-12-24,,,
2020-12-24,,,
2020-12-24,,,
2020-12-24,,,
2020-12-24,,,
2020-12-24,,,
2020-12-25,,,
2020-12-25,,,
2020-12-25,,,
2020-12-25,,,
2020-12-25,,,
2020-12-25,,,
2020-12-25,,,
2020-12-25,,,
2020-12-25,,,
2020-12-25,,,
2020-12-25,,,
2020-12-25,,,
2020-12-25,,,
2020-12-25,,,
2020-12-25,,,
2020-12-25,,,
2020-12-25,,,
2020-12-25,,,
2020-12-26,,,
2020-12-26,,,
2020-12-26,,,
2020-12-26,,,
2020-12-26,,,
2020-12-26,,,
2020-12-26,,,
2020-12-26,,,
2020-12-26,,,
2020-12-26,,,
2020-12-26,,,
2020-12-26,,,
2020-12-26,,,
2020-12-26,,,
2020-12-26,,,
2020-12-26,,,
2020-12-26,,,
2020-12-26,,,
2020-12-27,,,
2020-12-27,,,
2020-12-27,,,
2020-12-27,,,
2020-12-27,,,
2020-12-27,,,
2020-12-27,,,
2020-12-27,,,
2020-12-27,,,
2020-12-27,,,
2020-12-27,,,
2020-12-27,,,
2020-12-27,,,
2020-12-27,,,
2020-12-27,,,
2020-12-27,,,
2020-12-27,,,
2020-12-27,,,
2020-12-28,,,
2020-12-28,,,
2020-12-28,,,
2020-12-28,,,
2020-12-28,,,
2020-12-28,,,
2020-12-28,,,
2020-12-28,,,
2020-12-28,,,
2020-12-28,,,
2020-12-28,,,
2020-12-28,,,
2020-12-28,,,
2020-12-28,,,
2020-12-28,,,
2020-12-28,,,
2020-12-28,,,
2020-12-28,,,
2020-12-28,,,
2020-12-29,,,
2020-12-29,,,
2020-12-29,,,
2020-12-29,,,
2020-12-29,,,
2020-12-29,,,
2020-12-29,,,
2020-12-29,,,
2020-12-29,,,
2020-12-29,,,
2020-12-29,,,
2020-12-29,,,
2020-12-29,,,
2020-12-29,,,
2020-12-29,,,
2020-12-29,,,
2020-12-29,,,
2020-12-29,,,
2020-12-29,,,
2020-12-29,,,
2020-12-29,,,
2020-12-30,,,
2020-12-30,,,
2020-12-30,,,
2020-12-30,,,
2020-12-30,,,
2020-12-30,,,
2020-12-30,,,
2020-12-30,,,
2020-12-30,,,
2020-12-30,,,
2020-12-30,,,
2020-12-30,,,
2020-12-30,,,
2020-12-30,,,
2020-12-30,,,
2020-12-30,,,
2020-12-30,,,
2020-12-30,,,
2020-12-31,,,
2020-12-31,,,
2020-12-31,,,
2020-12-31,,,
2020-12-31,,,
2020-12-31,,,
2020-12-31,,,
2020-12-31,,,
2020-12-31,,,
2020-12-31,,,
2020-12-31,,,
2020-12-31,,,
2020-12-31,,,
2020-12-31,,,
2020-12-31,,,
2020-12-31,,,
2020-12-31,,,
2020-12-31,,,
2014-12-15,,,
2014-12-15,,,
2014-12-15,,,
2014-12-15,,,
2014-12-15,,,
2014-12-15,,,
2014-12-15,,,
2014-12-15,,,
2014-12-15,,,
2014-12-15,,,
2014-12-15,,,
2014-12-15,,,
2014-12-15,,,
2014-12-15,,,
2014-12-15,,,
2014-12-15,,,
2014-12-15,,,
2014-12-15,,,
2014-12-15,,,
2014-12-15,,,
2014-12-15,,,
2014-12-15,,,
2014-12-15,,,
2014-12-16,,,
2014-12-16,,,
2014-12-16,,,
2014-12-16,,,
2014-12-16,,,
2014-12-16,,,
2014-12-16,,,
2014-12-16,,,
2014-12-16,,,
2014-12-16,,,
2014-12-16,,,
2014-12-16,,,
2014-12-16,,,
2014-12-16,,,
2014-12-16,,,
2014-12-16,,,
2014-12-16,,,
2014-12-16,,,
2014-12-16,,,
2014-12-16,,,
2014-12-17,,,
2014-12-17,,,
2014-12-17,,,
2014-12-17,,,
2014-12-17,,,
2014-12-17,,,
2014-12-17,,,
2014-12-17,,,
2014-12-17,,,
2014-12-17,,,
2014-12-17,,,
2014-12-17,,,
2014-12-17,,,
2014-12-17,,,
2014-12-17,,,
2014-12-17,,,
2014-12-17,,,
2014-12-17,,,
2014-12-17,,,
2014-12-17,,,
2014-12-17,,,
2014-12-18,,,
2014-12-18,,,
2014-12-18,,,
2014-12-18,,,
2014-12-18,,,
2014-12-18,,,
2014-12-18,,,
2014-12-18,,,
2014-12-18,,,
2014-12-18,,,
2014-12-18,,,
2014-12-18,,,
2014-12-18,,,
2014-12-18,,,
2014-12-18,,,
2014-12-18,,,
2014-12-18,,,
2014-12-18,,,
2014-12-18,,,
2014-12-18,,,
2014-12-18,,,
2014-12-18,,,
2014-12-19,,,
2014-12-19,,,
2014-12-19,,,
2014-12-19,,,
2014-12-19,,,
2014-12-19,,,
2014-12-19,,,
2014-12-19,,,
2014-12-19,,,
2014-12-19,,,
2014-12-19,,,
2014-12-19,,,
2014-12-19,,,
2014-12-19,,,
2014-12-19,,,
2014-12-19,,,
2014-12-19,,,
2014-12-19,,,
2014-12-19,,,
2014-12-19,,,
2014-12-19,,,
2014-12-20,,,
2014-12-20,,,
2014-12-20,,,
2014-12-20,,,
2014-12-20,,,
2014-12-20,,,
2014-12-20,,,
2014-12-20,,,
2014-12-20,,,
2014-12-20,,,
2014-12-20,,,
2014-12-20,,,
2014-12-20,,,
2014-12-20,,,
2014-12-20,,,
2014-12-20,,,
2014-12-20,,,
2014-12-20,,,
2014-12-20,,,
2014-12-20,,,
2014-12-21,,,
2014-12-21,,,
2014-12-21,,,
2014-12-21,,,
2014-12-21,,,
2014-12-21,,,
2014-12-21,,,
2014-12-21,,,
2014-12-21,,,
2014-12-21,,,
2014-12-21,,,
2014-12-21,,,
2014-12-21,,,
2014-12-21,,,
2014-12-21,,,
2014-12-21,,,
2014-12-21,,,
2014-12-21,,,
2014-12-21,,,
2014-12-21,,,
2014-12-21,,,
2014-12-22,,,
2014-12-22,,,
2014-12-22,,,
2014-12-22,,,
2014-12-22,,,
2014-12-22,,,
2014-12-22,,,
2014-12-22,,,
2014-12-22,,,
2014-12-22,,,
2014-12-22,,,
2014-12-22,,,
2014-12-22,,,
2014-12-22,,,
2014-12-22,,,
2014-12-22,,,
2014-12-22,,,
2014-12-22,,,
2014-12-22,,,
2014-12-22,,,
2014-12-22,,,
2014-12-23,,,
2014-12-23,,,
2014-12-23,,,
2014-12-23,,,
2014-12-23,,,
2014-12-23,,,
2014-12-23,,,
2014-12-23,,,
2014-12-23,,,
2014-12-23,,,
2014-12-23,,,
2014-12-23,,,
2014-12-23,,,
2014-12-23,,,
2014-12-23,,,
2014-12-23,,,
2014-12-23,,,
2014-12-23,,,
2014-12-23,,,
2014-12-24,,,
2014-12-24,,,
2014-12-24,,,
2014-12-24,,,
2014-12-24,,,
2014-12-24,,,
2014-12-24,,,
2014-12-24,,,
2014-12-24,,,
2014-12-24,,,
2014-12-24,,,
2014-12-24,,,
2014-12-24,,,
2014-12-24,,,
2014-12-24,,,
2014-12-24,,,
2014-12-24,,,
2014-12-24,,,
2014-12-24,,,
2014-12-24,,,
2014-12-25,,,
2014-12-25,,,
2014-12-25,,,
2014-12-25,,,
2014-12-25,,,
2014-12-25,,,
2014-12-25,,,
2014-12-25,,,
2014-12-25,,,
2014-12-25,,,
2014-12-25,,,
2014-12-25,,,
2014-12-25,,,
2014-12-25,,,
2014-12-25,,,
2014-12-25,,,
2014-12-25,,,
2014-12-25,,,
2014-12-25,,,
2014-12-25,,,
2014-12-25,,,
2014-12-26,,,
2014-12-26,,,
2014-12-26,,,
2014-12-26,,,
2014-12-26,,,
2014-12-26,,,
2014-12-26,,,
2014-12-26,,,
2014-12-26,,,
2014-12-26,,,
2014-12-26,,,
2014-12-26,,,
2014-12-26,,,
2014-12-26,,,
2014-12-26,,,
2014-12-26,,,
2014-12-26,,,
2014-12-26,,,
2014-12-26,,,
2014-12-26,,,
2014-12-26,,,
2014-12-26,,,
2014-12-27,,,
2014-12-27,,,
2014-12-27,,,
2014-12-27,,,
2014-12-27,,,
2014-12-27,,,
2014-12-27,,,
2014-12-27,,,
2014-12-27,,,
2014-12-27,,,
2014-12-27,,,
2014-12-27,,,
2014-12-27,,,
2014-12-27,,,
2014-12-27,,,
2014-12-27,,,
2014-12-27,,,
2014-12-27,,,
2014-12-27,,,
2014-12-27,,,
2014-12-28,,,
2014-12-28,,,
2014-12-28,,,
2014-12-28,,,
2014-12-28,,,
2014-12-28,,,
2014-12-28,,,
2014-12-28,,,
2014-12-28,,,
2014-12-28,,,
2014-12-28,,,
2014-12-28,,,
2014-12-28,,,
2014-12-28,,,
2014-12-28,,,
2014-12-28,,,
2014-12-28,,,
2014-12-28,,,
2014-12-28,,,
2014-12-28,,,
2014-12-28,,,
2014-12-29,,,
2014-12-29,,,
2014-12-29,,,
2014-12-29,,,
2014-12-29,,,
2014-12-29,,,
2014-12-29,,,
2014-12-29,,,
2014-12-29,,,
2014-12-29,,,
2014-12-29,,,
2014-12-29,,,
2014-12-29,,,
2014-12-29,,,
2014-12-29,,,
2014-12-29,,,
2014-12-29,,,
2014-12-29,,,
2014-12-29,,,
2014-12-29,,,
2014-12-30,,,
2014-12-30,,,
2014-12-30,,,
2014-12-30,,,
2014-12-30,,,
2014-12-30,,,
2014-12-30,,,
2014-12-30,,,
2014-12-30,,,
2014-12-30,,,
2014-12-30,,,
2014-12-30,,,
2014-12-30,,,
2014-12-30,,,
2014-12-30,,,
2014-12-30,,,
2014-12-30,,,
2014-12-30,,,
2014-12-30,,,
2014-12-30,,,
2014-12-30,,,
2014-12-30,,,
2014-12-31,,,
2014-12-31,,,
2014-12-31,,,
2014-12-31,,,
2014-12-31,,,
2014-12-31,,,
2014-12-31,,,
2014-12-31,,,
2014-12-31,,,
2014-12-31,,,
2014-12-31,,,
2014-12-31,,,
2014-12-31,,,
2014-12-31,,,
2014-12-31,,,
2014-12-31,,,
2014-12-31,,,
2014-12-31,,,
2014-12-31,,,
2017-12-15,,,
2017-12-15,,,
2017-12-15,,,
2017-12-15,,,
2017-12-15,,,
2017-12-15,,,
2017-12-15,,,
2017-12-15,,,
2017-12-15,,,
2017-12-15,,,
2017-12-15,,,
2017-12-15,,,
2017-12-15,,,
2017-12-15,,,
2017-12-15,,,
2017-12-15,,,
2017-12-15,,,
2017-12-15,,,
2017-12-16,,,
2017-12-16,,,
2017-12-16,,,
2017-12-16,,,
2017-12-16,,,
2017-12-16,,,
2017-12-16,,,
2017-12-16,,,
2017-12-16,,,
2017-12-16,,,
2017-12-16,,,
2017-12-16,,,
2017-12-16,,,
2017-12-16,,,
2017-12-16,,,
2017-12-16,,,
2017-12-16,,,
2017-12-16,,,
2017-12-17,,,
2017-12-17,,,
2017-12-17,,,
2017-12-17,,,
2017-12-17,,,
2017-12-17,,,
2017-12-17,,,
2017-12-17,,,
2017-12-17,,,
2017-12-17,,,
2017-12-17,,,
2017-12-17,,,
2017-12-17,,,
2017-12-17,,,
2017-12-17,,,
2017-12-17,,,
2017-12-17,,,
2017-12-17,,,
2017-12-17,,,
2017-12-18,,,
2017-12-18,,,
2017-12-18,,,
2017-12-18,,,
2017-12-18,,,
2017-12-18,,,
2017-12-18,,,
2017-12-18,,,
2017-12-18,,,
2017-12-18,,,
2017-12-18,,,
2017-12-18,,,
2017-12-18,,,
2017-12-18,,,
2017-12-18,,,
2017-12-18,,,
2017-12-18,,,
2017-12-18,,,
2017-12-19,,,
2017-12-19,,,
2017-12-19,,,
2017-12-19,,,
2017-12-19,,,
2017-12-19,,,
2017-12-19,,,
2017-12-19,,,
2017-12-19,,,
2017-12-19,,,
2017-12-19,,,
2017-12-19,,,
2017-12-19,,,
2017-12-19,,,
2017-12-19,,,
2017-12-19,,,
2017-12-19,,,
2017-12-19,,,
2017-12-20,,,
2017-12-20,,,
2017-12-20,,,
2017-12-20,,,
2017-12-20,,,
2017-12-20,,,
2017-12-20,,,
2017-12-20,,,
2017-12-20,,,
2017-12-20,,,
2017-12-20,,,
2017-12-20,,,
2017-12-20,,,
2017-12-20,,,
2017-12-20,,,
2017-12-20,,,
2017-12-20,,,
2017-12-20,,,
2017-12-21,,,
2017-12-21,,,
2017-12-21,,,
2017-12-21,,,
2017-12-21,,,
2017-12-21,,,
2017-12-21,,,
2017-12-21,,,
2017-12-21,,,
2017-12-21,,,
2017-12-21,,,
2017-12-21,,,
2017-12-21,,,
2017-12-21,,,
2017-12-21,,,
2017-12-21,,,
2017-12-21,,,
2017-12-21,,,
2017-12-21,,,
2017-12-21,,,
2017-12-22,,,
2017-12-22,,,
2017-12-22,,,
2017-12-22,,,
2017-12-22,,,
2017-12-22,,,
2017-12-22,,,
2017-12-22,,,
2017-12-22,,,
2017-12-22,,,
2017-12-22,,,
2017-12-22,,,
2017-12-22,,,
2017-12-22,,,
2017-12-22,,,
2017-12-22,,,
2017-12-22,,,
2017-12-22,,,
2017-12-23,,,
2017-12-23,,,
2017-12-23,,,
2017-12-23,,,
2017-12-23,,,
2017-12-23,,,
2017-12-23,,,
2017-12-23,,,
2017-12-23,,,
2017-12-23,,,
2017-12-23,,,
2017-12-23,,,
2017-12-23,,,
2017-12-23,,,
2017-12-23,,,
2017-12-23,,,
2017-12-23,,,
2017-12-23,,,
2017-12-23,,,
2017-12-23,,,
2017-12-23,,,
2017-12-24,,,
2017-12-24,,,
2017-12-24,,,
2017-12-24,,,
2017-12-24,,,
2017-12-24,,,
2017-12-24,,,
2017-12-24,,,
2017-12-24,,,
2017-12-24,,,
2017-12-24,,,
2017-12-24,,,
2017-12-24,,,
2017-12-24,,,
2017-12-24,,,
2017-12-24,,,
2017-12-24,,,
2017-12-24,,,
2017-12-24,,,
2017-12-25,,,
2017-12-25,,,
2017-12-25,,,
2017-12-25,,,
2017-12-25,,,
2017-12-25,,,
2017-12-25,,,
2017-12-25,,,
2017-12-25,,,
2017-12-25,,,
2017-12-25,,,
2017-12-25,,,
2017-12-25,,,
2017-12-25,,,
2017-12-25,,,
2017-12-25,,,
2017-12-25,,,
2017-12-25,,,
2017-12-25,,,
2017-12-26,,,
2017-12-26,,,
2017-12-26,,,
2017-12-26,,,
2017-12-26,,,
2017-12-26,,,
2017-12-26,,,
2017-12-26,,,
2017-12-26,,,
2017-12-26,,,
2017-12-26,,,
2017-12-26,,,
2017-12-26,,,
2017-12-26,,,
2017-12-26,,,
2017-12-26,,,
2017-12-26,,,
2017-12-26,,,
2017-12-26,,,
2017-12-26,,,
2017-12-26,,,
2017-12-27,,,
2017-12-27,,,
2017-12-27,,,
2017-12-27,,,
2017-12-27,,,
2017-12-27,,,
2017-12-27,,,
2017-12-27,,,
2017-12-27,,,
2017-12-27,,,
2017-12-27,,,
2017-12-27,,,
2017-12-27,,,
2017-12-27,,,
2017-12-27,,,
2017-12-27,,,
2017-12-27,,,
2017-12-27,,,
2017-12-27,,,
2017-12-27,,,
2017-12-28,,,
2017-12-28,,,
2017-12-28,,,
2017-12-28,,,
2017-12-28,,,
2017-12-28,,,
2017-12-28,,,
2017-12-28,,,
2017-12-28,,,
2017-12-28,,,
2017-12-28,,,
2017-12-28,,,
2017-12-28,,,
2017-12-28,,,
2017-12-28,,,
2017-12-28,,,
2017-12-28,,,
2017-12-28,,,
2017-12-29,,,
2017-12-29,,,
2017-12-29,,,
2017-12-29,,,
2017-12-29,,,
2017-12-29,,,
2017-12-29,,,
2017-12-29,,,
2017-12-29,,,
2017-12-29,,,
2017-12-29,,,
2017-12-29,,,
2017-12-29,,,
2017-12-29,,,
2017-12-29,,,
2017-12-29,,,
2017-12-29,,,
2017-12-29,,,
2017-12-29,,,
2017-12-29,,,
2017-12-30,,,
2017-12-30,,,
2017-12-30,,,
2017-12-30,,,
2017-12-30,,,
2017-12-30,,,
2017-12-30,,,
2017-12-30,,,
2017-12-30,,,
2017-12-30,,,
2017-12-30,,,
2017-12-30,,,
2017-12-30,,,
2017-12-30,,,
2017-12-30,,,
2017-12-30,,,
2017-12-30,,,
2017-12-30,,,
2017-12-30,,,
2017-12-30,,,
2017-12-30,,,
2017-12-31,,,
2017-12-31,,,
2017-12-31,,,
2017-12-31,,,
2017-12-31,,,
2017-12-31,,,
2017-12-31,,,
2017-12-31,,,
2017-12-31,,,
2017-12-31,,,
2017-12-31,,,
2017-12-31,,,
2017-12-31,,,
2017-12-31,,,
2017-12-31,,,
2017-12-31,,,
2017-12-31,,,
2017-12-31,,,
2017-12-31,,,
2019-12-15,,,
2019-12-15,,,
2019-12-15,,,
2019-12-15,,,
2019-12-15,,,
2019-12-15,,,
2019-12-15,,,
2019-12-15,,,
2019-12-15,,,
2019-12-15,,,
2019-12-15,,,
2019-12-15,,,
2019-12-15,,,
2019-12-15,,,
2019-12-15,,,
2019-12-15,,,
2019-12-15,,,
2019-12-15,,,
2019-12-15,,,
2019-12-15,,,
2019-12-16,,,
2019-12-16,,,
2019-12-16,,,
2019-12-16,,,
2019-12-16,,,
2019-12-16,,,
2019-12-16,,,
2019-12-16,,,
2019-12-16,,,
2019-12-16,,,
2019-12-16,,,
2019-12-16,,,
2019-12-16,,,
2019-12-16,,,
2019-12-16,,,
2019-12-16,,,
2019-12-16,,,
2019-12-16,,,
2019-12-16,,,
2019-12-17,,,
2019-12-17,,,
2019-12-17,,,
2019-12-17,,,
2019-12-17,,,
2019-12-17,,,
2019-12-17,,,
2019-12-17,,,
2019-12-17,,,
2019-12-17,,,
2019-12-17,,,
2019-12-17,,,
2019-12-17,,,
2019-12-17,,,
2019-12-17,,,
2019-12-17,,,
2019-12-17,,,
2019-12-17,,,
2019-12-18,,,
2019-12-18,,,
2019-12-18,,,
2019-12-18,,,
2019-12-18,,,
2019-12-18,,,
2019-12-18,,,
2019-12-18,,,
2019-12-18,,,
2019-12-18,,,
2019-12-18,,,
2019-12-18,,,
2019-12-18,,,
2019-12-18,,,
2019-12-18,,,
2019-12-18,,,
2019-12-18,,,
2019-12-18,,,
2019-12-19,,,
2019-12-19,,,
2019-12-19,,,
2019-12-19,,,
2019-12-19,,,
2019-12-19,,,
2019-12-19,,,
2019-12-19,,,
2019-12-19,,,
2019-12-19,,,
2019-12-19,,,
2019-12-19,,,
2019-12-19,,,
2019-12-19,,,
2019-12-19,,,
2019-12-19,,,
2019-12-19,,,
2019-12-19,,,
2019-12-20,,,
2019-12-20,,,
2019-12-20,,,
2019-12-20,,,
2019-12-20,,,
2019-12-20,,,
2019-12-20,,,
2019-12-20,,,
2019-12-20,,,
2019-12-20,,,
2019-12-20,,,
2019-12-20,,,
2019-12-20,,,
2019-12-20,,,
2019-12-20,,,
2019-12-20,,,
2019-12-20,,,
2019-12-20,,,
2019-12-21,,,
2019-12-21,,,
2019-12-21,,,
2019-12-21,,,
2019-12-21,,,
2019-12-21,,,
2019-12-21,,,
2019-12-21,,,
2019-12-21,,,
2019-12-21,,,
2019-12-21,,,
2019-12-21,,,
2019-12-21,,,
2019-12-21,,,
2019-12-21,,,
2019-12-21,,,
2019-12-21,,,
2019-12-21,,,
2019-12-22,,,
2019-12-22,,,
2019-12-22,,,
2019-12-22,,,
2019-12-22,,,
2019-12-22,,,
2019-12-22,,,
2019-12-22,,,
2019-12-22,,,
2019-12-22,,,
2019-12-22,,,
2019-12-22,,,
2019-12-22,,,
2019-12-22,,,
2019-12-22,,,
2019-12-22,,,
2019-12-22,,,
2019-12-22,,,
2019-12-23,,,
2019-12-23,,,
2019-12-23,,,
2019-12-23,,,
2019-12-23,,,
2019-12-23,,,
2019-12-23,,,
2019-12-23,,,
2019-12-23,,,
2019-12-23,,,
2019-12-23,,,
2019-12-23,,,
2019-12-23,,,
2019-12-23,,,
2019-12-23,,,
2019-12-23,,,
2019-12-23,,,
2019-12-23,,,
2019-12-24,,,
2019-12-24,,,
2019-12-24,,,
2019-12-24,,,
2019-12-24,,,
2019-12-24,,,
2019-12-24,,,
2019-12-24,,,
2019-12-24,,,
2019-12-24,,,
2019-12-24,,,
2019-12-24,,,
2019-12-24,,,
2019-12-24,,,
2019-12-24,,,
2019-12-24,,,
2019-12-24,,,
2019-12-24,,,
2019-12-25,,,
2019-12-25,,,
2019-12-25,,,
2019-12-25,,,
2019-12-25,,,
2019-12-25,,,
2019-12-25,,,
2019-12-25,,,
2019-12-25,,,
2019-12-25,,,
2019-12-25,,,
2019-12-25,,,
2019-12-25,,,
2019-12-25,,,
2019-12-25,,,
2019-12-25,,,
2019-12-25,,,
2019-12-25,,,
2019-12-26,,,
2019-12-26,,,
2019-12-26,,,
2019-12-26,,,
2019-12-26,,,
2019-12-26,,,
2019-12-26,,,
2019-12-26,,,
2019-12-26,,,
2019-12-26,,,
2019-12-26,,,
2019-12-26,,,
2019-12-26,,,
2019-12-26,,,
2019-12-26,,,
2019-12-26,,,
2019-12-26,,,
2019-12-26,,,
2019-12-26,,,
2019-12-26,,,
2019-12-26,,,
2019-12-27,,,
2019-12-27,,,
2019-12-27,,,
2019-12-27,,,
2019-12-27,,,
2019-12-27,,,
2019-12-27,,,
2019-12-27,,,
2019-12-27,,,
2019-12-27,,,
2019-12-27,,,
2019-12-27,,,
2019-12-27,,,
2019-12-27,,,
2019-12-27,,,
2019-12-27,,,
2019-12-27,,,
2019-12-27,,,
2019-12-27,,,
2019-12-27,,,
2019-12-28,,,
2019-12-28,,,
2019-12-28,,,
2019-12-28,,,
2019-12-28,,,
2019-12-28,,,
2019-12-28,,,
2019-12-28,,,
2019-12-28,,,
2019-12-28,,,
2019-12-28,,,
2019-12-28,,,
2019-12-28,,,
2019-12-28,,,
2019-12-28,,,
2019-12-28,,,
2019-12-28,,,
2019-12-28,,,
2019-12-28,,,
2019-12-28,,,
2019-12-29,,,
2019-12-29,,,
2019-12-29,,,
2019-12-29,,,
2019-12-29,,,
2019-12-29,,,
2019-12-29,,,
2019-12-29,,,
2019-12-29,,,
2019-12-29,,,
2019-12-29,,,
2019-12-29,,,
2019-12-29,,,
2019-12-29,,,
2019-12-29,,,
2019-12-29,,,
2019-12-29,,,
2019-12-29,,,
2019-12-30,,,
2019-12-30,,,
2019-12-30,,,
2019-12-30,,,
2019-12-30,,,
2019-12-30,,,
2019-12-30,,,
2019-12-30,,,
2019-12-30,,,
2019-12-30,,,
2019-12-30,,,
2019-12-30,,,
2019-12-30,,,
2019-12-30,,,
2019-12-30,,,
2019-12-30,,,
2019-12-30,,,
2019-12-30,,,
2019-12-31,,,
2019-12-31,,,
2019-12-31,,,
2019-12-31,,,
2019-12-31,,,
2019-12-31,,,
2019-12-31,,,
2019-12-31,,,
2019-12-31,,,
2019-12-31,,,
2019-12-31,,,
2019-12-31,,,
2019-12-31,,,
2019-12-31,,,
2019-12-31,,,
2019-12-31,,,
2019-12-31,,,
2019-12-31,,,
2011-12-15,,,
2011-12-15,,,
2011-12-15,,,
2011-12-15,,,
2011-12-15,,,
2011-12-15,,,
2011-12-15,,,
2011-12-15,,,
2011-12-15,,,
2011-12-15,,,
2011-12-15,,,
2011-12-15,,,
2011-12-15,,,
2011-12-15,,,
2011-12-15,,,
2011-12-15,,,
2011-12-15,,,
2011-12-16,,,
2011-12-16,,,
2011-12-16,,,
2011-12-16,,,
2011-12-16,,,
2011-12-16,,,
2011-12-16,,,
2011-12-16,,,
2011-12-16,,,
2011-12-16,,,
2011-12-16,,,
2011-12-16,,,
2011-12-16,,,
2011-12-16,,,
2011-12-16,,,
2011-12-16,,,
2011-12-16,,,
2011-12-17,,,
2011-12-17,,,
2011-12-17,,,
2011-12-17,,,
2011-12-17,,,
2011-12-17,,,
2011-12-17,,,
2011-12-17,,,
2011-12-17,,,
2011-12-17,,,
2011-12-17,,,
2011-12-17,,,
2011-12-17,,,
2011-12-17,,,
2011-12-17,,,
2011-12-17,,,
2011-12-17,,,
2011-12-18,,,
2011-12-18,,,
2011-12-18,,,
2011-12-18,,,
2011-12-18,,,
2011-12-18,,,
2011-12-18,,,
2011-12-18,,,
2011-12-18,,,
2011-12-18,,,
2011-12-18,,,
2011-12-18,,,
2011-12-18,,,
2011-12-18,,,
2011-12-18,,,
2011-12-18,,,
2011-12-18,,,
2011-12-19,,,
2011-12-19,,,
2011-12-19,,,
2011-12-19,,,
2011-12-19,,,
2011-12-19,,,
2011-12-19,,,
2011-12-19,,,
2011-12-19,,,
2011-12-19,,,
2011-12-19,,,
2011-12-19,,,
2011-12-19,,,
2011-12-19,,,
2011-12-19,,,
2011-12-19,,,
2011-12-19,,,
2011-12-19,,,
2011-12-19,,,
2011-12-19,,,
2011-12-19,,,
2011-12-20,,,
2011-12-20,,,
2011-12-20,,,
2011-12-20,,,
2011-12-20,,,
2011-12-20,,,
2011-12-20,,,
2011-12-20,,,
2011-12-20,,,
2011-12-20,,,
2011-12-20,,,
2011-12-20,,,
2011-12-20,,,
2011-12-20,,,
2011-12-20,,,
2011-12-20,,,
2011-12-20,,,
2011-12-21,,,
2011-12-21,,,
2011-12-21,,,
2011-12-21,,,
2011-12-21,,,
2011-12-21,,,
2011-12-21,,,
2011-12-21,,,
2011-12-21,,,
2011-12-21,,,
2011-12-21,,,
2011-12-21,,,
2011-12-21,,,
2011-12-21,,,
2011-12-21,,,
2011-12-21,,,
2011-12-21,,,
2011-12-21,,,
2011-12-21,,,
2011-12-21,,,
2011-12-21,,,
2011-12-22,,,
2011-12-22,,,
2011-12-22,,,
2011-12-22,,,
2011-12-22,,,
2011-12-22,,,
2011-12-22,,,
2011-12-22,,,
2011-12-22,,,
2011-12-22,,,
2011-12-22,,,
2011-12-22,,,
2011-12-22,,,
2011-12-22,,,
2011-12-22,,,
2011-12-22,,,
2011-12-22,,,
2011-12-22,,,
2011-12-22,,,
2011-12-22,,,
2011-12-23,,,
2011-12-23,,,
2011-12-23,,,
2011-12-23,,,
2011-12-23,,,
2011-12-23,,,
2011-12-23,,,
2011-12-23,,,
2011-12-23,,,
2011-12-23,,,
2011-12-23,,,
2011-12-23,,,
2011-12-23,,,
2011-12-23,,,
2011-12-23,,,
2011-12-23,,,
2011-12-23,,,
2011-12-24,,,
2011-12-24,,,
2011-12-24,,,
2011-12-24,,,
2011-12-24,,,
2011-12-24,,,
2011-12-24,,,
2011-12-24,,,
2011-12-24,,,
2011-12-24,,,
2011-12-24,,,
2011-12-24,,,
2011-12-24,,,
2011-12-24,,,
2011-12-24,,,
2011-12-25,,,
2011-12-25,,,
2011-12-25,,,
2011-12-25,,,
2011-12-25,,,
2011-12-25,,,
2011-12-25,,,
2011-12-25,,,
2011-12-25,,,
2011-12-25,,,
2011-12-25,,,
2011-12-25,,,
2011-12-25,,,
2011-12-25,,,
2011-12-25,,,
2011-12-25,,,
2011-12-25,,,
2011-12-26,,,
2011-12-26,,,
2011-12-26,,,
2011-12-26,,,
2011-12-26,,,
2011-12-26,,,
2011-12-26,,,
2011-12-26,,,
2011-12-26,,,
2011-12-26,,,
2011-12-26,,,
2011-12-26,,,
2011-12-26,,,
2011-12-26,,,
2011-12-26,,,
2011-12-26,,,
2011-12-26,,,
2011-12-27,,,
2011-12-27,,,
2011-12-27,,,
2011-12-27,,,
2011-12-27,,,
2011-12-27,,,
2011-12-27,,,
2011-12-27,,,
2011-12-27,,,
2011-12-27,,,
2011-12-27,,,
2011-12-27,,,
2011-12-27,,,
2011-12-27,,,
2011-12-27,,,
2011-12-27,,,
2011-12-27,,,
2011-12-28,,,
2011-12-28,,,
2011-12-28,,,
2011-12-28,,,
2011-12-28,,,
2011-12-28,,,
2011-12-28,,,
2011-12-28,,,
2011-12-28,,,
2011-12-28,,,
2011-12-28,,,
2011-12-28,,,
2011-12-28,,,
2011-12-28,,,
2011-12-28,,,
2011-12-28,,,
2011-12-28,,,
2011-12-29,,,
2011-12-29,,,
2011-12-29,,,
2011-12-29,,,
2011-12-29,,,
2011-12-29,,,
2011-12-29,,,
2011-12-29,,,
2011-12-29,,,
2011-12-29,,,
2011-12-29,,,
2011-12-29,,,
2011-12-29,,,
2011-12-29,,,
2011-12-29,,,
2011-12-29,,,
2011-12-29,,,
2011-12-30,,,
2011-12-30,,,
2011-12-30,,,
2011-12-30,,,
2011-12-30,,,
2011-12-30,,,
2011-12-30,,,
2011-12-30,,,
2011-12-30,,,
2011-12-30,,,
2011-12-30,,,
2011-12-30,,,
2011-12-30,,,
2011-12-30,,,
2011-12-30,,,
2011-12-30,,,
2011-12-30,,,
2011-12-31,,,
2011-12-31,,,
2011-12-31,,,
2011-12-31,,,
2011-12-31,,,
2011-12-31,,,
2011-12-31,,,
2011-12-31,,,
2011-12-31,,,
2011-12-31,,,
2011-12-31,,,
2011-12-31,,,
2011-12-31,,,
2011-12-31,,,
2011-12-31,,,
2011-12-31,,,
2011-12-31,,,
2011-12-31,,,
2011-12-31,,,
2021-12-15,,,
2021-12-15,,,
2021-12-15,,,
2021-12-15,,,
2021-12-15,,,
2021-12-15,,,
2021-12-15,,,
2021-12-15,,,
2021-12-15,,,
2021-12-15,,,
2021-12-15,,,
2021-12-15,,,
2021-12-15,,,
2021-12-15,,,
2021-12-15,,,
2021-12-15,,,
2021-12-15,,,
2021-12-15,,,
2021-12-15,,,
2021-12-16,,,
2021-12-16,,,
2021-12-16,,,
2021-12-16,,,
2021-12-16,,,
2021-12-16,,,
2021-12-16,,,
2021-12-16,,,
2021-12-16,,,
2021-12-16,,,
2021-12-16,,,
2021-12-16,,,
2021-12-16,,,
2021-12-16,,,
2021-12-16,,,
2021-12-16,,,
2021-12-16,,,
2021-12-16,,,
2021-12-17,,,
2021-12-17,,,
2021-12-17,,,
2021-12-17,,,
2021-12-17,,,
2021-12-17,,,
2021-12-17,,,
2021-12-17,,,
2021-12-17,,,
2021-12-17,,,
2021-12-17,,,
2021-12-17,,,
2021-12-17,,,
2021-12-17,,,
2021-12-17,,,
2021-12-17,,,
2021-12-17,,,
2021-12-17,,,
2021-12-18,,,
2021-12-18,,,
2021-12-18,,,
2021-12-18,,,
2021-12-18,,,
2021-12-18,,,
2021-12-18,,,
2021-12-18,,,
2021-12-18,,,
2021-12-18,,,
2021-12-18,,,
2021-12-18,,,
2021-12-18,,,
2021-12-18,,,
2021-12-18,,,
2021-12-18,,,
2021-12-18,,,
2021-12-18,,,
2021-12-19,,,
2021-12-19,,,
2021-12-19,,,
2021-12-19,,,
2021-12-19,,,
2021-12-19,,,
2021-12-19,,,
2021-12-19,,,
2021-12-19,,,
2021-12-19,,,
2021-12-19,,,
2021-12-19,,,
2021-12-19,,,
2021-12-19,,,
2021-12-19,,,
2021-12-19,,,
2021-12-19,,,
2021-12-19,,,
2021-12-20,,,
2021-12-20,,,
2021-12-20,,,
2021-12-20,,,
2021-12-20,,,
2021-12-20,,,
2021-12-20,,,
2021-12-20,,,
2021-12-20,,,
2021-12-20,,,
2021-12-20,,,
2021-12-20,,,
2021-12-20,,,
2021-12-20,,,
2021-12-20,,,
2021-12-20,,,
2021-12-20,,,
2021-12-20,,,
2021-12-21,,,
2021-12-21,,,
2021-12-21,,,
2021-12-21,,,
2021-12-21,,,
2021-12-21,,,
2021-12-21,,,
2021-12-21,,,
2021-12-21,,,
2021-12-21,,,
2021-12-21,,,
2021-12-21,,,
2021-12-21,,,
2021-12-21,,,
2021-12-21,,,
2021-12-21,,,
2021-12-21,,,
2021-12-21,,,
2021-12-22,,,
2021-12-22,,,
2021-12-22,,,
2021-12-22,,,
2021-12-22,,,
2021-12-22,,,
2021-12-22,,,
2021-12-22,,,
2021-12-22,,,
2021-12-22,,,
2021-12-22,,,
2021-12-22,,,
2021-12-22,,,
2021-12-22,,,
2021-12-22,,,
2021-12-22,,,
2021-12-22,,,
2021-12-22,,,
2021-12-23,,,
2021-12-23,,,
2021-12-23,,,
2021-12-23,,,
2021-12-23,,,
2021-12-23,,,
2021-12-23,,,
2021-12-23,,,
2021-12-23,,,
2021-12-23,,,
2021-12-23,,,
2021-12-23,,,
2021-12-23,,,
2021-12-23,,,
2021-12-23,,,
2021-12-23,,,
2021-12-23,,,
2021-12-23,,,
2021-12-24,,,
2021-12-24,,,
2021-12-24,,,
2021-12-24,,,
2021-12-24,,,
2021-12-24,,,
2021-12-24,,,
2021-12-24,,,
2021-12-24,,,
2021-12-24,,,
2021-12-24,,,
2021-12-24,,,
2021-12-24,,,
2021-12-24,,,
2021-12-24,,,
2021-12-24,,,
2021-12-24,,,
2021-12-24,,,
2021-12-25,,,
2021-12-25,,,
2021-12-25,,,
2021-12-25,,,
2021-12-25,,,
2021-12-25,,,
2021-12-25,,,
2021-12-25,,,
2021-12-25,,,
2021-12-25,,,
2021-12-25,,,
2021-12-25,,,
2021-12-25,,,
2021-12-25,,,
2021-12-25,,,
2021-12-25,,,
2021-12-25,,,
2021-12-25,,,
2021-12-26,,,
2021-12-26,,,
2021-12-26,,,
2021-12-26,,,
2021-12-26,,,
2021-12-26,,,
2021-12-26,,,
2021-12-26,,,
2021-12-26,,,
2021-12-26,,,
2021-12-26,,,
2021-12-26,,,
2021-12-26,,,
2021-12-26,,,
2021-12-26,,,
2021-12-26,,,
2021-12-26,,,
2021-12-26,,,
2021-12-27,,,
2021-12-27,,,
2021-12-27,,,
2021-12-27,,,
2021-12-27,,,
2021-12-27,,,
2021-12-27,,,
2021-12-27,,,
2021-12-27,,,
2021-12-27,,,
2021-12-27,,,
2021-12-27,,,
2021-12-27,,,
2021-12-27,,,
2021-12-27,,,
2021-12-27,,,
2021-12-27,,,
2021-12-27,,,
2021-12-28,,,
2021-12-28,,,
2021-12-28,,,
2021-12-28,,,
2021-12-28,,,
2021-12-28,,,
2021-12-28,,,
2021-12-28,,,
2021-12-28,,,
2021-12-28,,,
2021-12-28,,,
2021-12-28,,,
2021-12-28,,,
2021-12-28,,,
2021-12-28,,,
2021-12-28,,,
2021-12-28,,,
2021-12-28,,,
2021-12-29,,,
2021-12-29,,,
2021-12-29,,,
2021-12-29,,,
2021-12-29,,,
2021-12-29,,,
2021-12-29,,,
2021-12-29,,,
2021-12-29,,,
2021-12-29,,,
2021-12-29,,,
2021-12-29,,,
2021-12-29,,,
2021-12-29,,,
2021-12-29,,,
2021-12-29,,,
2021-12-29,,,
2021-12-29,,,
2021-12-30,,,
2021-12-30,,,
2021-12-30,,,
2021-12-30,,,
2021-12-30,,,
2021-12-30,,,
2021-12-30,,,
2021-12-30,,,
2021-12-30,,,
2021-12-30,,,
2021-12-30,,,
2021-12-30,,,
2021-12-30,,,
2021-12-30,,,
2021-12-30,,,
2021-12-30,,,
2021-12-30,,,
2021-12-30,,,
2021-12-30,,,
2021-12-31,,,
2021-12-31,,,
2021-12-31,,,
2021-12-31,,,
2021-12-31,,,
2021-12-31,,,
2021-12-31,,,
2021-12-31,,,
2021-12-31,,,
2021-12-31,,,
2021-12-31,,,
2021-12-31,,,
2021-12-31,,,
2021-12-31,,,
2021-12-31,,,
2021-12-31,,,
2021-12-31,,,
2021-12-31,,,
2021-12-31,,,
2021-12-31,,,
2012-12-15,,,
2012-12-15,,,
2012-12-15,,,
2012-12-15,,,
2012-12-15,,,
2012-12-15,,,
2012-12-15,,,
2012-12-15,,,
2012-12-15,,,
2012-12-15,,,
2012-12-15,,,
2012-12-15,,,
2012-12-15,,,
2012-12-15,,,
2012-12-15,,,
2012-12-15,,,
2012-12-15,,,
2012-12-15,,,
2012-12-15,,,
2012-12-15,,,
2012-12-16,,,
2012-12-16,,,
2012-12-16,,,
2012-12-16,,,
2012-12-16,,,
2012-12-16,,,
2012-12-16,,,
2012-12-16,,,
2012-12-16,,,
2012-12-16,,,
2012-12-16,,,
2012-12-16,,,
2012-12-16,,,
2012-12-16,,,
2012-12-16,,,
2012-12-16,,,
2012-12-16,,,
2012-12-16,,,
2012-12-16,,,
2012-12-16,,,
2012-12-17,,,
2012-12-17,,,
2012-12-17,,,
2012-12-17,,,
2012-12-17,,,
2012-12-17,,,
2012-12-17,,,
2012-12-17,,,
2012-12-17,,,
2012-12-17,,,
2012-12-17,,,
2012-12-17,,,
2012-12-17,,,
2012-12-17,,,
2012-12-17,,,
2012-12-17,,,
2012-12-17,,,
2012-12-18,,,
2012-12-18,,,
2012-12-18,,,
2012-12-18,,,
2012-12-18,,,
2012-12-18,,,
2012-12-18,,,
2012-12-18,,,
2012-12-18,,,
2012-12-18,,,
2012-12-18,,,
2012-12-18,,,
2012-12-18,,,
2012-12-18,,,
2012-12-18,,,
2012-12-18,,,
2012-12-18,,,
2012-12-18,,,
2012-12-19,,,
2012-12-19,,,
2012-12-19,,,
2012-12-19,,,
2012-12-19,,,
2012-12-19,,,
2012-12-19,,,
2012-12-19,,,
2012-12-19,,,
2012-12-19,,,
2012-12-19,,,
2012-12-19,,,
2012-12-19,,,
2012-12-19,,,
2012-12-19,,,
2012-12-19,,,
2012-12-19,,,
2012-12-19,,,
2012-12-19,,,
2012-12-19,,,
2012-12-19,,,
2012-12-20,,,
2012-12-20,,,
2012-12-20,,,
2012-12-20,,,
2012-12-20,,,
2012-12-20,,,
2012-12-20,,,
2012-12-20,,,
2012-12-20,,,
2012-12-20,,,
2012-12-20,,,
2012-12-20,,,
2012-12-20,,,
2012-12-20,,,
2012-12-20,,,
2012-12-20,,,
2012-12-20,,,
2012-12-21,,,
2012-12-21,,,
2012-12-21,,,
2012-12-21,,,
2012-12-21,,,
2012-12-21,,,
2012-12-21,,,
2012-12-21,,,
2012-12-21,,,
2012-12-21,,,
2012-12-21,,,
2012-12-21,,,
2012-12-21,,,
2012-12-21,,,
2012-12-21,,,
2012-12-21,,,
2012-12-21,,,
2012-12-22,,,
2012-12-22,,,
2012-12-22,,,
2012-12-22,,,
2012-12-22,,,
2012-12-22,,,
2012-12-22,,,
2012-12-22,,,
2012-12-22,,,
2012-12-22,,,
2012-12-22,,,
2012-12-22,,,
2012-12-22,,,
2012-12-22,,,
2012-12-22,,,
2012-12-22,,,
2012-12-22,,,
2012-12-23,,,
2012-12-23,,,
2012-12-23,,,
2012-12-23,,,
2012-12-23,,,
2012-12-23,,,
2012-12-23,,,
2012-12-23,,,
2012-12-23,,,
2012-12-23,,,
2012-12-23,,,
2012-12-23,,,
2012-12-23,,,
2012-12-23,,,
2012-12-23,,,
2012-12-23,,,
2012-12-23,,,
2012-12-24,,,
2012-12-24,,,
2012-12-24,,,
2012-12-24,,,
2012-12-24,,,
2012-12-24,,,
2012-12-24,,,
2012-12-24,,,
2012-12-24,,,
2012-12-24,,,
2012-12-24,,,
2012-12-24,,,
2012-12-24,,,
2012-12-24,,,
2012-12-24,,,
2012-12-24,,,
2012-12-24,,,
2012-12-24,,,
2012-12-24,,,
2012-12-24,,,
2012-12-24,,,
2012-12-25,,,
2012-12-25,,,
2012-12-25,,,
2012-12-25,,,
2012-12-25,,,
2012-12-25,,,
2012-12-25,,,
2012-12-25,,,
2012-12-25,,,
2012-12-25,,,
2012-12-25,,,
2012-12-25,,,
2012-12-25,,,
2012-12-25,,,
2012-12-25,,,
2012-12-25,,,
2012-12-25,,,
2012-12-25,,,
2012-12-25,,,
2012-12-26,,,
2012-12-26,,,
2012-12-26,,,
2012-12-26,,,
2012-12-26,,,
2012-12-26,,,
2012-12-26,,,
2012-12-26,,,
2012-12-26,,,
2012-12-26,,,
2012-12-26,,,
2012-12-26,,,
2012-12-26,,,
2012-12-26,,,
2012-12-26,,,
2012-12-26,,,
2012-12-26,,,
2012-12-26,,,
2012-12-26,,,
2012-12-27,,,
2012-12-27,,,
2012-12-27,,,
2012-12-27,,,
2012-12-27,,,
2012-12-27,,,
2012-12-27,,,
2012-12-27,,,
2012-12-27,,,
2012-12-27,,,
2012-12-27,,,
2012-12-27,,,
2012-12-27,,,
2012-12-27,,,
2012-12-27,,,
2012-12-27,,,
2012-12-27,,,
2012-12-27,,,
2012-12-27,,,
2012-12-28,,,
2012-12-28,,,
2012-12-28,,,
2012-12-28,,,
2012-12-28,,,
2012-12-28,,,
2012-12-28,,,
2012-12-28,,,
2012-12-28,,,
2012-12-28,,,
2012-12-28,,,
2012-12-28,,,
2012-12-28,,,
2012-12-28,,,
2012-12-28,,,
2012-12-28,,,
2012-12-28,,,
2012-12-29,,,
2012-12-29,,,
2012-12-29,,,
2012-12-29,,,
2012-12-29,,,
2012-12-29,,,
2012-12-29,,,
2012-12-29,,,
2012-12-29,,,
2012-12-29,,,
2012-12-29,,,
2012-12-29,,,
2012-12-29,,,
2012-12-29,,,
2012-12-29,,,
2012-12-29,,,
2012-12-29,,,
2012-12-30,,,
2012-12-30,,,
2012-12-30,,,
2012-12-30,,,
2012-12-30,,,
2012-12-30,,,
2012-12-30,,,
2012-12-30,,,
2012-12-30,,,
2012-12-30,,,
2012-12-30,,,
2012-12-30,,,
2012-12-30,,,
2012-12-30,,,
2012-12-30,,,
2012-12-30,,,
2012-12-30,,,
2012-12-31,,,
2012-12-31,,,
2012-12-31,,,
2012-12-31,,,
2012-12-31,,,
2012-12-31,,,
2012-12-31,,,
2012-12-31,,,
2012-12-31,,,
2012-12-31,,,
2015-12-15,,,
2015-12-15,,,
2015-12-15,,,
2015-12-15,,,
2015-12-15,,,
2015-12-15,,,
2015-12-15,,,
2015-12-15,,,
2015-12-15,,,
2015-12-15,,,
2015-12-15,,,
2015-12-15,,,
2015-12-15,,,
2015-12-15,,,
2015-12-15,,,
2015-12-15,,,
2015-12-15,,,
2015-12-15,,,
2015-12-15,,,
2015-12-15,,,
2015-12-15,,,
2015-12-15,,,
2015-12-16,,,
2015-12-16,,,
2015-12-16,,,
2015-12-16,,,
2015-12-16,,,
2015-12-16,,,
2015-12-16,,,
2015-12-16,,,
2015-12-16,,,
2015-12-16,,,
2015-12-16,,,
2015-12-16,,,
2015-12-16,,,
2015-12-16,,,
2015-12-16,,,
2015-12-16,,,
2015-12-16,,,
2015-12-16,,,
2015-12-17,,,
2015-12-17,,,
2015-12-17,,,
2015-12-17,,,
2015-12-17,,,
2015-12-17,,,
2015-12-17,,,
2015-12-17,,,
2015-12-17,,,
2015-12-17,,,
2015-12-17,,,
2015-12-17,,,
2015-12-17,,,
2015-12-17,,,
2015-12-17,,,
2015-12-17,,,
2015-12-17,,,
2015-12-17,,,
2015-12-17,,,
2015-12-18,,,
2015-12-18,,,
2015-12-18,,,
2015-12-18,,,
2015-12-18,,,
2015-12-18,,,
2015-12-18,,,
2015-12-18,,,
2015-12-18,,,
2015-12-18,,,
2015-12-18,,,
2015-12-18,,,
2015-12-18,,,
2015-12-18,,,
2015-12-18,,,
2015-12-18,,,
2015-12-18,,,
2015-12-18,,,
2015-12-19,,,
2015-12-19,,,
2015-12-19,,,
2015-12-19,,,
2015-12-19,,,
2015-12-19,,,
2015-12-19,,,
2015-12-19,,,
2015-12-19,,,
2015-12-19,,,
2015-12-19,,,
2015-12-19,,,
2015-12-19,,,
2015-12-19,,,
2015-12-19,,,
2015-12-19,,,
2015-12-19,,,
2015-12-19,,,
2015-12-20,,,
2015-12-20,,,
2015-12-20,,,
2015-12-20,,,
2015-12-20,,,
2015-12-20,,,
2015-12-20,,,
2015-12-20,,,
2015-12-20,,,
2015-12-20,,,
2015-12-20,,,
2015-12-20,,,
2015-12-20,,,
2015-12-20,,,
2015-12-20,,,
2015-12-20,,,
2015-12-20,,,
2015-12-20,,,
2015-12-21,,,
2015-12-21,,,
2015-12-21,,,
2015-12-21,,,
2015-12-21,,,
2015-12-21,,,
2015-12-21,,,
2015-12-21,,,
2015-12-21,,,
2015-12-21,,,
2015-12-21,,,
2015-12-21,,,
2015-12-21,,,
2015-12-21,,,
2015-12-21,,,
2015-12-21,,,
2015-12-21,,,
2015-12-21,,,
2015-12-21,,,
2015-12-22,,,
2015-12-22,,,
2015-12-22,,,
2015-12-22,,,
2015-12-22,,,
2015-12-22,,,
2015-12-22,,,
2015-12-22,,,
2015-12-22,,,
2015-12-22,,,
2015-12-22,,,
2015-12-22,,,
2015-12-22,,,
2015-12-22,,,
2015-12-22,,,
2015-12-22,,,
2015-12-22,,,
2015-12-22,,,
2015-12-22,,,
2015-12-23,,,
2015-12-23,,,
2015-12-23,,,
2015-12-23,,,
2015-12-23,,,
2015-12-23,,,
2015-12-23,,,
2015-12-23,,,
2015-12-23,,,
2015-12-23,,,
2015-12-23,,,
2015-12-23,,,
2015-12-23,,,
2015-12-23,,,
2015-12-23,,,
2015-12-23,,,
2015-12-23,,,
2015-12-23,,,
2015-12-23,,,
2015-12-24,,,
2015-12-24,,,
2015-12-24,,,
2015-12-24,,,
2015-12-24,,,
2015-12-24,,,
2015-12-24,,,
2015-12-24,,,
2015-12-24,,,
2015-12-24,,,
2015-12-24,,,
2015-12-24,,,
2015-12-24,,,
2015-12-24,,,
2015-12-24,,,
2015-12-24,,,
2015-12-24,,,
2015-12-24,,,
2015-12-25,,,
2015-12-25,,,
2015-12-25,,,
2015-12-25,,,
2015-12-25,,,
2015-12-25,,,
2015-12-25,,,
2015-12-25,,,
2015-12-25,,,
2015-12-25,,,
2015-12-25,,,
2015-12-25,,,
2015-12-25,,,
2015-12-25,,,
2015-12-25,,,
2015-12-25,,,
2015-12-25,,,
2015-12-25,,,
2015-12-25,,,
2015-12-25,,,
2015-12-25,,,
2015-12-26,,,
2015-12-26,,,
2015-12-26,,,
2015-12-26,,,
2015-12-26,,,
2015-12-26,,,
2015-12-26,,,
2015-12-26,,,
2015-12-26,,,
2015-12-26,,,
2015-12-26,,,
2015-12-26,,,
2015-12-26,,,
2015-12-26,,,
2015-12-26,,,
2015-12-26,,,
2015-12-26,,,
2015-12-26,,,
2015-12-26,,,
2015-12-27,,,
2015-12-27,,,
2015-12-27,,,
2015-12-27,,,
2015-12-27,,,
2015-12-27,,,
2015-12-27,,,
2015-12-27,,,
2015-12-27,,,
2015-12-27,,,
2015-12-27,,,
2015-12-27,,,
2015-12-27,,,
2015-12-27,,,
2015-12-27,,,
2015-12-27,,,
2015-12-27,,,
2015-12-27,,,
2015-12-28,,,
2015-12-28,,,
2015-12-28,,,
2015-12-28,,,
2015-12-28,,,
2015-12-28,,,
2015-12-28,,,
2015-12-28,,,
2015-12-28,,,
2015-12-28,,,
2015-12-28,,,
2015-12-28,,,
2015-12-28,,,
2015-12-28,,,
2015-12-28,,,
2015-12-28,,,
2015-12-28,,,
2015-12-28,,,
2015-12-28,,,
2015-12-28,,,
2015-12-29,,,
2015-12-29,,,
2015-12-29,,,
2015-12-29,,,
2015-12-29,,,
2015-12-29,,,
2015-12-29,,,
2015-12-29,,,
2015-12-29,,,
2015-12-29,,,
2015-12-29,,,
2015-12-29,,,
2015-12-29,,,
2015-12-29,,,
2015-12-29,,,
2015-12-29,,,
2015-12-29,,,
2015-12-29,,,
2015-12-29,,,
2015-12-29,,,
2015-12-30,,,
2015-12-30,,,
2015-12-30,,,
2015-12-30,,,
2015-12-30,,,
2015-12-30,,,
2015-12-30,,,
2015-12-30,,,
2015-12-30,,,
2015-12-30,,,
2015-12-30,,,
2015-12-30,,,
2015-12-30,,,
2015-12-30,,,
2015-12-30,,,
2015-12-30,,,
2015-12-30,,,
2015-12-30,,,
2015-12-30,,,
2015-12-30,,,
2015-12-31,,,
2015-12-31,,,
2015-12-31,,,
2015-12-31,,,
2015-12-31,,,
2015-12-31,,,
2015-12-31,,,
2015-12-31,,,
2015-12-31,,,
2015-12-31,,,
2015-12-31,,,
2015-12-31,,,
2015-12-31,,,
2015-12-31,,,
2015-12-31,,,
2015-12-31,,,
2015-12-31,,,
2015-12-31,,,
2015-12-31,,,
2015-12-31,,,
2010-12-15,,,
2010-12-15,,,
2010-12-15,,,
2010-12-15,,,
2010-12-15,,,
2010-12-15,,,
2010-12-15,,,
2010-12-15,,,
2010-12-15,,,
2010-12-15,,,
2010-12-15,,,
2010-12-15,,,
2010-12-15,,,
2010-12-15,,,
2010-12-15,,,
2010-12-15,,,
2010-12-15,,,
2010-12-15,,,
2010-12-15,,,
2010-12-15,,,
2010-12-15,,,
2010-12-16,,,
2010-12-16,,,
2010-12-16,,,
2010-12-16,,,
2010-12-16,,,
2010-12-16,,,
2010-12-16,,,
2010-12-16,,,
2010-12-16,,,
2010-12-16,,,
2010-12-16,,,
2010-12-16,,,
2010-12-16,,,
2010-12-16,,,
2010-12-16,,,
2010-12-16,,,
2010-12-16,,,
2010-12-16,,,
2010-12-16,,,
2010-12-17,,,
2010-12-17,,,
2010-12-17,,,
2010-12-17,,,
2010-12-17,,,
2010-12-17,,,
2010-12-17,,,
2010-12-17,,,
2010-12-17,,,
2010-12-17,,,
2010-12-17,,,
2010-12-17,,,
2010-12-17,,,
2010-12-17,,,
2010-12-17,,,
2010-12-17,,,
2010-12-17,,,
2010-12-17,,,
2010-12-17,,,
2010-12-17,,,
2010-12-17,,,
2010-12-18,,,
2010-12-18,,,
2010-12-18,,,
2010-12-18,,,
2010-12-18,,,
2010-12-18,,,
2010-12-18,,,
2010-12-18,,,
2010-12-18,,,
2010-12-18,,,
2010-12-18,,,
2010-12-18,,,
2010-12-18,,,
2010-12-18,,,
2010-12-18,,,
2010-12-18,,,
2010-12-18,,,
2010-12-18,,,
2010-12-18,,,
2010-12-18,,,
2010-12-18,,,
2010-12-18,,,
2010-12-19,,,
2010-12-19,,,
2010-12-19,,,
2010-12-19,,,
2010-12-19,,,
2010-12-19,,,
2010-12-19,,,
2010-12-19,,,
2010-12-19,,,
2010-12-19,,,
2010-12-19,,,
2010-12-19,,,
2010-12-19,,,
2010-12-19,,,
2010-12-19,,,
2010-12-19,,,
2010-12-19,,,
2010-12-19,,,
2010-12-19,,,
2010-12-20,,,
2010-12-20,,,
2010-12-20,,,
2010-12-20,,,
2010-12-20,,,
2010-12-20,,,
2010-12-20,,,
2010-12-20,,,
2010-12-20,,,
2010-12-20,,,
2010-12-20,,,
2010-12-20,,,
2010-12-20,,,
2010-12-20,,,
2010-12-20,,,
2010-12-20,,,
2010-12-20,,,
2010-12-20,,,
2010-12-20,,,
2010-12-21,,,
2010-12-21,,,
2010-12-21,,,
2010-12-21,,,
2010-12-21,,,
2010-12-21,,,
2010-12-21,,,
2010-12-21,,,
2010-12-21,,,
2010-12-21,,,
2010-12-21,,,
2010-12-21,,,
2010-12-21,,,
2010-12-21,,,
2010-12-21,,,
2010-12-21,,,
2010-12-21,,,
2010-12-21,,,
2010-12-21,,,
2010-12-22,,,
2010-12-22,,,
2010-12-22,,,
2010-12-22,,,
2010-12-22,,,
2010-12-22,,,
2010-12-22,,,
2010-12-22,,,
2010-12-22,,,
2010-12-22,,,
2010-12-22,,,
2010-12-22,,,
2010-12-22,,,
2010-12-22,,,
2010-12-22,,,
2010-12-22,,,
2010-12-22,,,
2010-12-22,,,
2010-12-22,,,
2010-12-22,,,
2010-12-22,,,
2010-12-22,,,
2010-12-22,,,
2010-12-23,,,
2010-12-23,,,
2010-12-23,,,
2010-12-23,,,
2010-12-23,,,
2010-12-23,,,
2010-12-23,,,
2010-12-23,,,
2010-12-23,,,
2010-12-23,,,
2010-12-23,,,
2010-12-23,,,
2010-12-23,,,
2010-12-23,,,
2010-12-23,,,
2010-12-23,,,
2010-12-23,,,
2010-12-23,,,
2010-12-23,,,
2010-12-23,,,
2010-12-23,,,
2010-12-23,,,
2010-12-24,,,
2010-12-24,,,
2010-12-24,,,
2010-12-24,,,
2010-12-24,,,
2010-12-24,,,
2010-12-24,,,
2010-12-24,,,
2010-12-24,,,
2010-12-24,,,
2010-12-24,,,
2010-12-24,,,
2010-12-24,,,
2010-12-24,,,
2010-12-24,,,
2010-12-24,,,
2010-12-24,,,
2010-12-24,,,
2010-12-24,,,
2010-12-25,,,
2010-12-25,,,
2010-12-25,,,
2010-12-25,,,
2010-12-25,,,
2010-12-25,,,
2010-12-25,,,
2010-12-25,,,
2010-12-25,,,
2010-12-25,,,
2010-12-25,,,
2010-12-25,,,
2010-12-25,,,
2010-12-25,,,
2010-12-25,,,
2010-12-25,,,
2010-12-25,,,
2010-12-25,,,
2010-12-25,,,
2010-12-26,,,
2010-12-26,,,
2010-12-26,,,
2010-12-26,,,
2010-12-26,,,
2010-12-26,,,
2010-12-26,,,
2010-12-26,,,
2010-12-26,,,
2010-12-26,,,
2010-12-26,,,
2010-12-26,,,
2010-12-26,,,
2010-12-26,,,
2010-12-26,,,
2010-12-26,,,
2010-12-26,,,
2010-12-26,,,
2010-12-26,,,
2010-12-27,,,
2010-12-27,,,
2010-12-27,,,
2010-12-27,,,
2010-12-27,,,
2010-12-27,,,
2010-12-27,,,
2010-12-27,,,
2010-12-27,,,
2010-12-27,,,
2010-12-27,,,
2010-12-27,,,
2010-12-27,,,
2010-12-27,,,
2010-12-27,,,
2010-12-27,,,
2010-12-27,,,
2010-12-27,,,
2010-12-27,,,
2010-12-28,,,
2010-12-28,,,
2010-12-28,,,
2010-12-28,,,
2010-12-28,,,
2010-12-28,,,
2010-12-28,,,
2010-12-28,,,
2010-12-28,,,
2010-12-28,,,
2010-12-28,,,
2010-12-28,,,
2010-12-28,,,
2010-12-28,,,
2010-12-28,,,
2010-12-28,,,
2010-12-28,,,
2010-12-28,,,
2010-12-28,,,
2010-12-29,,,
2010-12-29,,,
2010-12-29,,,
2010-12-29,,,
2010-12-29,,,
2010-12-29,,,
2010-12-29,,,
2010-12-29,,,
2010-12-29,,,
2010-12-29,,,
2010-12-29,,,
2010-12-29,,,
2010-12-29,,,
2010-12-29,,,
2010-12-29,,,
2010-12-29,,,
2010-12-29,,,
2010-12-29,,,
2010-12-29,,,
2010-12-30,,,
2010-12-30,,,
2010-12-30,,,
2010-12-30,,,
2010-12-30,,,
2010-12-30,,,
2010-12-30,,,
2010-12-30,,,
2010-12-30,,,
2010-12-30,,,
2010-12-30,,,
2010-12-30,,,
2010-12-30,,,
2010-12-30,,,
2010-12-30,,,
2010-12-30,,,
2010-12-30,,,
2010-12-30,,,
2010-12-30,,,
2010-12-30,,,
2010-12-30,,,
2010-12-30,,,
2010-12-30,,,
2010-12-30,,,
2010-12-30,,,
2010-12-31,,,
2010-12-31,,,
2010-12-31,,,
2010-12-31,,,
2010-12-31,,,
2010-12-31,,,
2010-12-31,,,
2010-12-31,,,
2010-12-31,,,
2010-12-31,,,
2010-12-31,,,
2010-12-31,,,
2010-12-31,,,
2010-12-31,,,
2010-12-31,,,
2010-12-31,,,
2010-12-31,,,
2010-12-31,,,
2010-12-31,,,
2010-12-31,,,
2010-12-31,,,
2010-12-31,,,
